Country,ISO3,Year,y_true,y_pred,Residual,Cooks_D
Central African Republic,CAF,2021,52.3,49.90122999999988,2.3987700000001198,0.17737986152621324
Central African Republic,CAF,2019,52.9,49.93956333333319,2.9604366666668085,0.1429076635612644
Lesotho,LSO,2021,51.5,50.79300000000005,0.706999999999951,0.04872452859861168
Lesotho,LSO,2020,51.9,51.36100000000009,0.5389999999999091,0.030216171978197568
Lesotho,LSO,2018,51.6,51.15333333333345,0.44666666666655175,0.029815358323743876
Sri Lanka,LKA,2020,80.7,77.09424999999993,3.6057500000000715,0.029171188765109737
Lesotho,LSO,2019,51.8,51.31641000000009,0.48358999999990715,0.02077171185503127
Central African Republic,CAF,2020,53.1,51.79266666666664,1.3073333333333608,0.019594234360099477
Eswatini,SWZ,2021,54.6,53.734333333333126,0.8656666666668755,0.013489266612765824
Maldives,MDV,2021,75.4,80.03728796296296,-4.637287962962958,0.01333329553143754
Maldives,MDV,2019,75.4,78.80833333333344,-3.408333333333431,0.012772818816717817
United States,USA,2020,76.9,75.92524640320293,0.974753596797072,0.01099378948684889
Andorra,AND,2020,72.7,73.05296490174882,-0.35296490174881967,0.010905527730441445
Nicaragua,NIC,2019,78.9,77.32340277777776,1.5765972222222473,0.010572497298639592
Central African Republic,CAF,2018,52.1,51.87000000000003,0.22999999999996845,0.01044578849309976
Hungary,HUN,2021,74.4,75.50975262858553,-1.1097526285855253,0.010429186407270792
Andorra,AND,2021,72.2,71.57158888888911,0.6284111111108928,0.009575483533986295
Nicaragua,NIC,2018,78.5,78.08516666666665,0.41483333333334826,0.009563395693243527
Qatar,QAT,2021,76.7,78.69966666666674,-1.9996666666667409,0.009194465090044571
Maldives,MDV,2020,76.2,78.9160000000001,-2.7160000000000935,0.00907997181308961
Kuwait,KWT,2018,82.8,82.21781349206341,0.5821865079365836,0.009062381845616233
United States,USA,2021,76.4,75.24024450438782,1.1597554956121883,0.008788980333840988
Sierra Leone,SLE,2019,60.4,60.61875555555548,-0.21875555555548232,0.008601035697757527
Andorra,AND,2018,73.5,72.32220707070702,1.177792929292977,0.00843084619230443
Sierra Leone,SLE,2020,60.5,61.00741944444434,-0.5074194444443378,0.00837505269405647
Guinea-Bissau,GNB,2021,58.6,58.01433862433869,0.58566137566131,0.007938306666223721
Andorra,AND,2019,73.7,73.64183333333328,0.05816666666672177,0.007746255441516367
Sri Lanka,LKA,2019,77.5,77.21895317460327,0.28104682539672865,0.00751158422957084
Hungary,HUN,2020,75.8,76.85825601948403,-1.058256019484034,0.007465544130508514
Sierra Leone,SLE,2018,59.9,59.83001851851846,0.06998148148154115,0.007175330395963275
Egypt,EGY,2021,69.1,71.19912539682538,-2.099125396825386,0.007055948892294909
Kuwait,KWT,2019,82.5,82.22581349206341,0.27418650793659083,0.006888295890690049
Somalia,SOM,2018,54.7,53.92786666666672,0.7721333333332794,0.0062592338475895805
Sri Lanka,LKA,2018,77.2,76.88006984127,0.31993015873000274,0.005959984874468883
Sri Lanka,LKA,2021,77.2,76.61919444444457,0.580805555555429,0.005795072788658207
Bahrain,BHR,2021,74.4,74.68333293650791,-0.2833329365079038,0.00571797761234843
Georgia,GEO,2021,71.2,72.69710202598914,-1.497102025989136,0.005391523375546068
Zimbabwe,ZWE,2021,58.5,58.96133333333347,-0.4613333333334708,0.005246579229345989
Egypt,EGY,2020,70.1,71.67103543213221,-1.57103543213222,0.005182590171085219
"Korea, Democratic People's Republic of",PRK,2021,72.6,72.25823381687007,0.3417661831299199,0.005073515848431766
Sierra Leone,SLE,2021,61.0,61.421863888888865,-0.42186388888886484,0.005018518973166593
Oman,OMN,2020,73.9,75.45516230158732,-1.5551623015873162,0.005016226033077556
Oman,OMN,2021,72.5,73.48000358959122,-0.9800035895912202,0.004798723006503615
Bahrain,BHR,2020,74.9,75.08747460317463,-0.18747460317462128,0.004766349963732094
United Arab Emirates,ARE,2021,78.3,82.13241303511313,-3.8324130351131345,0.004581133700258956
Qatar,QAT,2020,77.3,78.68366666666667,-1.3836666666666702,0.004509296865522567
South Sudan,SSD,2020,58.9,59.35677199837196,-0.4567719983719627,0.004395105502710371
Peru,PER,2018,79.0,78.89001333943833,0.10998666056167394,0.0040702944738938256
Bahrain,BHR,2019,76.0,77.60112499999998,-1.601124999999982,0.00397189805651156
Cuba,CUB,2021,73.7,74.99555576760059,-1.2955557676005895,0.003822846319715799
Jordan,JOR,2019,79.8,79.29099999999991,0.5090000000000856,0.0037913688021947653
Bahrain,BHR,2018,75.9,77.24179166666661,-1.3417916666666088,0.0037810904281509144
Jordan,JOR,2018,79.6,79.2183333333332,0.3816666666667885,0.00367217012231091
Montenegro,MNE,2021,74.7,75.92708560051067,-1.2270856005106623,0.003633045508498469
Thailand,THA,2020,76.5,73.31845072983144,3.18154927016856,0.0036259718906415743
Somalia,SOM,2021,54.0,54.48275000000002,-0.4827500000000171,0.0035797411891124375
United States,USA,2018,78.6,78.46706186868677,0.13293813131322452,0.0034209669716314447
Thailand,THA,2018,77.1,75.82362006148223,1.2763799385177634,0.0033808810570719406
South Sudan,SSD,2019,59.0,59.29454405224404,-0.2945440522440421,0.0033495836172639554
United States,USA,2019,78.7,78.53732853535344,0.16267146464656435,0.0033122391863246036
Thailand,THA,2019,76.9,75.41106342227216,1.4889365777278414,0.0031826519967654496
Iceland,ISL,2020,82.6,82.03010398027888,0.5698960197211136,0.0031700760487034076
Armenia,ARM,2020,69.3,71.10066666666671,-1.8006666666667144,0.0030830001401630086
Burundi,BDI,2020,64.6,65.45874259259259,-0.8587425925925913,0.0030784811230799344
Iceland,ISL,2021,82.6,82.05647435064927,0.5435256493507268,0.0030127637503879145
Bangladesh,BGD,2018,73.7,73.47227729955236,0.22772270044764298,0.0029838071118616243
Eritrea,ERI,2020,63.8,64.26581186868694,-0.46581186868694147,0.0029611156182579295
Bangladesh,BGD,2019,73.9,73.54183465608466,0.3581653439153456,0.0029418674991358923
Iceland,ISL,2019,82.5,82.07263175805669,0.4273682419433129,0.002888567525287507
Indonesia,IDN,2021,68.3,70.11600697450703,-1.816006974507033,0.002839217955923487
Ukraine,UKR,2018,72.7,72.42210799317641,0.27789200682359194,0.0028274790950915158
Iraq,IRQ,2020,70.4,72.05966236995164,-1.6596623699516329,0.0027854515972017342
Egypt,EGY,2019,71.6,72.43168266047665,-0.831682660476659,0.002767692643278902
Peru,PER,2019,78.3,78.08401991907874,0.21598008092125554,0.0027069053031304902
Niger,NER,2020,60.4,60.28800000000007,0.11199999999993082,0.002692196348525263
Thailand,THA,2021,75.3,72.11368929735411,3.1863107026458835,0.002687463484328858
Egypt,EGY,2018,71.4,72.26056098605085,-0.8605609860508423,0.0025889030463416627
Chile,CHL,2019,81.0,80.169989814815,0.830010185185003,0.00250023786920452
Seychelles,SYC,2020,77.3,75.33178730290028,1.968212697099716,0.00247341702425855
Hungary,HUN,2019,76.3,76.69758846759146,-0.3975884675914614,0.0024381326508057456
Iceland,ISL,2018,82.4,82.08824974747463,0.31175025252537125,0.0024376626280441125
Chile,CHL,2018,81.0,80.03302314814833,0.966976851851669,0.0024084618057958994
Singapore,SGP,2018,82.8,82.67311999999967,0.12688000000032673,0.0024024306079970456
Zimbabwe,ZWE,2019,59.1,60.043611111111154,-0.9436111111111529,0.0023729469692369675
Slovenia,SVN,2019,81.3,80.92169632034633,0.3783036796536692,0.002255891534042064
Ukraine,UKR,2019,73.0,72.362840058932,0.6371599410680062,0.0022288556468193495
India,IND,2019,70.7,70.63521812169301,0.064781878306988,0.0022080165708785095
"Moldova, Republic of",MDA,2021,69.6,72.00574201201839,-2.4057420120183934,0.002198765687101862
Eswatini,SWZ,2018,54.7,55.642999999999944,-0.942999999999941,0.002140689304005885
Singapore,SGP,2019,82.8,82.69311999999965,0.10688000000034492,0.002140595549279408
India,IND,2018,70.4,70.24949370728953,0.15050629271047455,0.0021311956400690865
Hungary,HUN,2018,76.1,75.98906919711195,0.11093080288804913,0.0021297938935513606
"Venezuela, Bolivarian Republic of",VEN,2018,72.8,72.25334012098254,0.5466598790174544,0.002120389419744687
Gabon,GAB,2020,65.1,66.10612247474748,-1.0061224747474853,0.002092928993203982
Saudi Arabia,SAU,2021,76.4,77.47135978835983,-1.0713597883598283,0.0020872315661798397
"Iran, Islamic Republic of",IRN,2019,77.8,77.31681090102703,0.48318909897297146,0.0020866675760128116
Denmark,DNK,2018,80.8,81.03348531810393,-0.2334853181039307,0.0020753415421130503
Montenegro,MNE,2020,75.5,76.2021525317276,-0.7021525317276058,0.0020222198754200303
Zimbabwe,ZWE,2018,58.7,59.351944444444584,-0.651944444444581,0.0020199971274959677
"Korea, Republic of",KOR,2018,82.8,82.69386722222201,0.10613277777798658,0.002015086951996949
Bangladesh,BGD,2021,73.1,72.45486009393655,0.6451399060634486,0.0020149885657937605
Kazakhstan,KAZ,2021,70.3,72.2170859403037,-1.917085940303707,0.0019991352388601677
Suriname,SUR,2020,72.8,72.59295938713629,0.20704061286370745,0.00198512115234664
Zimbabwe,ZWE,2020,59.4,60.26561111111113,-0.8656111111111287,0.00198416914131404
Palau,PLW,2020,72.7,72.95162357229381,-0.25162357229380916,0.0019426422299882791
"Venezuela, Bolivarian Republic of",VEN,2020,72.4,72.05012350048153,0.3498764995184729,0.001898029618225365
"Venezuela, Bolivarian Republic of",VEN,2019,72.7,72.20818439880225,0.49181560119775725,0.001885407427737499
Denmark,DNK,2021,81.2,81.95349640359655,-0.753496403596543,0.001876552504174513
Oman,OMN,2018,75.0,75.20033333333333,-0.20033333333333303,0.00184852459443631
India,IND,2020,70.2,69.95247511154457,0.24752488845543041,0.0018444412330657608
Nauru,NRU,2020,72.7,73.09334400859423,-0.3933440085942266,0.0018407497477620947
Philippines,PHL,2021,66.4,66.89875555555557,-0.4987555555555616,0.0018401135690518779
Romania,ROU,2021,72.8,73.72797449070411,-0.9279744907041163,0.0018307260798165134
Bulgaria,BGR,2021,71.3,72.8771681615671,-1.5771681615671014,0.001827310834647438
Armenia,ARM,2021,73.0,73.7413629015435,-0.7413629015434964,0.0017952421099855106
Uzbekistan,UZB,2020,71.4,72.95482211443489,-1.5548221144348844,0.0017765272338003076
"Iran, Islamic Republic of",IRN,2018,77.7,77.35950277777769,0.3404972222223108,0.0017557483646501977
Syrian Arab Republic,SYR,2021,72.4,71.90067152569654,0.49932847430346783,0.0017475127305052929
Niger,NER,2019,60.6,60.32433333333339,0.2756666666666092,0.0017408744131854812
Mongolia,MNG,2020,72.7,71.78926175219111,0.9107382478088937,0.0017407910810438652
Singapore,SGP,2021,82.8,82.64678666666639,0.15321333333361054,0.0017110327477850365
Serbia,SRB,2021,72.8,74.73769662706094,-1.9376966270609444,0.0016977531292248162
Bosnia and Herzegovina,BIH,2021,74.8,76.90429906047117,-2.1042990604711775,0.0016960019998008616
"Palestine, State of",PSE,2021,73.5,73.9745707292707,-0.4745707292706953,0.001686604573109469
Indonesia,IDN,2020,69.7,71.04694446011503,-1.3469444601150258,0.0016798389397195794
"Korea, Republic of",KOR,2019,82.8,82.66191484126965,0.1380851587303482,0.0016638332605735972
"Venezuela, Bolivarian Republic of",VEN,2021,71.2,70.77788888888877,0.422111111111235,0.001645333934141668
Eritrea,ERI,2019,63.8,64.11535075757584,-0.3153507575758425,0.0016406303246832526
Pakistan,PAK,2018,66.7,66.77566666666667,-0.07566666666666322,0.00163952438275693
Gabon,GAB,2018,64.7,65.46708665223665,-0.7670866522366424,0.0016315955527151458
Lao People's Democratic Republic,LAO,2020,68.7,69.18819047619047,-0.48819047619046785,0.0016272969581776465
Oman,OMN,2019,75.3,75.94696739766087,-0.6469673976608732,0.0016150869853775655
Eswatini,SWZ,2020,56.0,57.045333333333375,-1.0453333333333745,0.0016124925532847074
"Bolivia, Plurinational State of",BOL,2020,67.1,67.0119492063492,0.08805079365079393,0.0016089216267226503
Saint Lucia,LCA,2021,71.1,72.76050284440483,-1.6605028444048315,0.001582385579801363
Russian Federation,RUS,2021,70.0,71.11122222222214,-1.111222222222139,0.0015814264548654937
Burundi,BDI,2019,64.3,64.93349629629638,-0.6334962962963857,0.0015459801947492744
France,FRA,2019,82.5,81.6196245791247,0.8803754208752963,0.0015284402053926712
Georgia,GEO,2020,73.1,73.40114598053877,-0.3011459805387773,0.0015261478708517434
Saudi Arabia,SAU,2020,76.1,77.32286904761906,-1.2228690476190707,0.0015259707022588205
Bangladesh,BGD,2020,73.3,73.1077895098911,0.19221049010889146,0.0015234834429975316
Singapore,SGP,2020,82.8,82.67778666666634,0.12221333333366147,0.0015195556204391657
Costa Rica,CRI,2018,80.3,79.59283893513893,0.7071610648610687,0.0015037495246759854
Belize,BLZ,2019,74.9,73.74777247817431,1.1522275218256937,0.0014920087989920168
Pakistan,PAK,2019,67.0,67.0311111111111,-0.031111111111101764,0.001491620317681703
Niger,NER,2018,60.4,60.29533333333339,0.10466666666660984,0.0014897385568320974
France,FRA,2018,82.4,81.75442356902373,0.645576430976277,0.0014843654378955992
"Korea, Republic of",KOR,2020,82.8,82.60097873015857,0.199021269841424,0.0014730514208340603
Timor-Leste,TLS,2020,68.9,68.7658686868687,0.13413131313130577,0.0014369792916377646
Mexico,MEX,2018,75.9,75.59219878163493,0.30780121836507135,0.001427473928604356
Bahamas,BHS,2019,70.7,71.29934428770977,-0.5993442877097692,0.001426953516881003
Costa Rica,CRI,2019,80.3,79.65613378179556,0.6438662182044368,0.0013961671269647356
Kyrgyzstan,KGZ,2019,73.6,73.18622854409243,0.4137714559075647,0.0013955702626465656
Belize,BLZ,2020,74.7,73.76427869517033,0.93572130482967,0.0013903572881316271
South Sudan,SSD,2021,58.6,59.0642569190069,-0.4642569190068997,0.0013815089393431988
Eritrea,ERI,2018,63.5,63.80126742424248,-0.3012674242424822,0.0013782654139798465
Israel,ISR,2018,82.6,82.22853088578115,0.37146911421884,0.0013773717118462313
Gabon,GAB,2019,65.0,65.89416847041848,-0.894168470418478,0.0013742178659052354
Mexico,MEX,2019,75.8,75.27736882876013,0.5226311712398655,0.0013709189896787075
Argentina,ARG,2021,74.6,75.61879245500103,-1.0187924550010337,0.0013599736988463846
Spain,ESP,2018,82.8,82.61322039682567,0.18677960317432962,0.0013493332879217354
Nicaragua,NIC,2021,75.0,72.73158626327375,2.268413736726245,0.001347936209070254
Kiribati,KIR,2020,61.9,61.924795917970826,-0.024795917970827475,0.0013327759098261825
Palau,PLW,2021,72.2,71.37628703703729,0.8237129629627162,0.0013302770842283092
Morocco,MAR,2020,72.5,73.1576886147671,-0.6576886147670962,0.0013257536494028519
Belize,BLZ,2018,74.6,73.69648257853815,0.9035174214618422,0.0013188379378260306
Guinea-Bissau,GNB,2019,59.0,59.05823862433863,-0.05823862433862814,0.0013150431525351183
Ukraine,UKR,2020,72.5,72.36146489553329,0.1385351044667118,0.001313349064268579
Slovenia,SVN,2018,81.0,80.86797171717173,0.13202828282827284,0.0013106682535371935
Jamaica,JAM,2021,70.1,72.54898981637456,-2.4489898163745636,0.0013067140148492985
Israel,ISR,2019,82.6,82.26052347837368,0.3394765216263096,0.001300121794214582
Cyprus,CYP,2019,82.2,82.12634866429879,0.0736513357012143,0.0012669452030618221
Syrian Arab Republic,SYR,2020,72.0,71.56802261349758,0.43197738650242457,0.001259916492326853
El Salvador,SLV,2018,74.7,73.41055126651682,1.2894487334831837,0.0012549278911790185
Chile,CHL,2020,79.9,79.56099717164633,0.3390028283536708,0.0012454860562644676
New Zealand,NZL,2020,82.5,81.35230440187847,1.1476955981215298,0.0012406065446043783
Kyrgyzstan,KGZ,2018,73.3,72.89109505696402,0.4089049430359779,0.0012249103806319128
Luxembourg,LUX,2018,82.8,82.52416398656922,0.27583601343077646,0.0012191427075059593
"Korea, Republic of",KOR,2021,82.8,82.62885373015855,0.17114626984144365,0.0012056103005522061
Pakistan,PAK,2021,66.0,65.26615384615383,0.7338461538461729,0.001204891999262099
Costa Rica,CRI,2020,80.0,79.26019133285014,0.7398086671498589,0.001203446766255544
Dominican Republic,DOM,2019,73.9,72.66461895687846,1.2353810431215493,0.0011962562455052697
Malta,MLT,2018,82.3,81.90616917989425,0.3938308201057481,0.0011960436131847978
Cyprus,CYP,2018,82.1,81.98205480342118,0.11794519657881608,0.0011946889328758004
Niger,NER,2021,60.0,59.70028888888883,0.2997111111111721,0.00116836110836231
Gabon,GAB,2021,65.1,65.63548703703708,-0.5354870370370861,0.0011535763463170871
Luxembourg,LUX,2019,82.8,82.52416398656922,0.27583601343077646,0.001152270524697561
Haiti,HTI,2020,63.4,63.66920608465622,-0.26920608465621854,0.0011477051204435978
Slovakia,SVK,2021,74.5,75.90640173647353,-1.4064017364735264,0.001143494902098255
Uzbekistan,UZB,2021,72.2,73.22007519099492,-1.0200751909949162,0.0011368492058129015
Luxembourg,LUX,2021,82.8,82.51983065323587,0.28016934676412575,0.0011127074261740079
Spain,ESP,2019,82.8,82.55735119047633,0.24264880952367207,0.0011103164516431533
Malaysia,MYS,2020,76.8,74.31841541276641,2.481584587233584,0.0011049033118004559
Burundi,BDI,2021,64.0,64.86115609857987,-0.861156098579869,0.001092043196330143
El Salvador,SLV,2019,74.3,73.21275418671748,1.0872458132825216,0.001091464939040884
Czechia,CZE,2021,77.1,78.3936740582295,-1.2936740582294988,0.001083444576497263
Luxembourg,LUX,2020,82.8,82.52316398656922,0.27683601343078124,0.0010829328298562343
Angola,AGO,2020,62.6,62.89997953216372,-0.299979532163718,0.001078496147213747
Nauru,NRU,2021,72.2,71.84941666666683,0.3505833333331765,0.001069962416493276
Spain,ESP,2021,82.7,82.5236861111112,0.1763138888887994,0.0010684253191885918
Eswatini,SWZ,2019,55.7,56.43699999999997,-0.7369999999999663,0.0010663869961204074
Denmark,DNK,2019,81.3,81.8983190975693,-0.598319097569302,0.0010658386886077224
North Macedonia,MKD,2021,73.0,74.94624725224541,-1.9462472522454135,0.0010596543071566336
Saint Kitts and Nevis,KNA,2020,72.7,72.86078716612086,-0.16078716612085486,0.0010510304796704833
Tuvalu,TUV,2020,72.7,72.99225367908836,-0.2922536790883612,0.0010323853659154293
Niue,NIU,2019,73.7,72.7434954723301,0.9565045276699067,0.0010215335389728672
Saint Lucia,LCA,2019,76.1,76.01054011342902,0.08945988657097814,0.001018687385711479
Saint Lucia,LCA,2018,76.1,76.0483078891718,0.051692110828199134,0.0010109650151574204
Antigua and Barbuda,ATG,2018,75.6,75.9995690235689,-0.3995690235689011,0.0009994487128073344
Saudi Arabia,SAU,2018,76.8,76.94789126984142,-0.14789126984142342,0.0009889581204739865
Somalia,SOM,2020,55.1,55.395000000000046,-0.29500000000004434,0.0009821485925475156
Yemen,YEM,2020,66.5,66.60002380952382,-0.10002380952381884,0.0009783300117908208
Solomon Islands,SLB,2021,64.8,65.7831714285715,-0.9831714285715094,0.000974033703092148
Saudi Arabia,SAU,2019,76.9,77.22431904761913,-0.32431904761912733,0.0009671415609665364
Cyprus,CYP,2020,82.1,82.11060046805058,-0.010600468050583345,0.0009611743717729251
Qatar,QAT,2018,78.6,79.3376666666667,-0.737666666666712,0.000958843390435652
Latvia,LVA,2021,73.2,73.37541157640106,-0.17541157640106064,0.0009570275055075229
Angola,AGO,2018,62.3,61.98530674603169,0.31469325396830783,0.0009464485142677821
New Zealand,NZL,2021,82.2,81.37840820105843,0.8215917989415686,0.0009451767526331894
Dominican Republic,DOM,2018,73.5,72.70334104643216,0.7966589535678423,0.0009388424574734479
Turkmenistan,TKM,2020,68.5,69.12310952380949,-0.6231095238094895,0.0009346607211659429
Bahamas,BHS,2021,70.4,70.91366666666659,-0.5136666666665803,0.0009337100801392141
Finland,FIN,2019,81.6,81.07301411134566,0.5269858886543375,0.0009316656095209642
Finland,FIN,2020,81.5,81.03785762668684,0.46214237331315644,0.0009208269912511392
Brunei Darussalam,BRN,2018,76.4,76.21474365079375,0.18525634920625578,0.0009183102511864926
Italy,ITA,2018,82.8,82.60348958874444,0.19651041125555935,0.000890142225026652
"Palestine, State of",PSE,2020,75.1,74.95363822751332,0.14636177248667082,0.0008882499983303686
Lao People's Democratic Republic,LAO,2018,68.1,67.96585555555566,0.13414444444433116,0.0008822147932940973
Ecuador,ECU,2019,77.8,77.48178698428204,0.31821301571795857,0.0008784589077124984
North Macedonia,MKD,2020,74.4,76.71920568783074,-2.319205687830731,0.000874700997180207
Antigua and Barbuda,ATG,2019,75.7,76.00323542568535,-0.3032354256853438,0.000868948468516041
Haiti,HTI,2019,63.7,63.57259724500657,0.12740275499343312,0.000864580212140751
Belize,BLZ,2021,73.3,73.14153747412013,0.15846252587986953,0.0008636951034845769
Malta,MLT,2019,82.1,81.91020680615694,0.18979319384305882,0.000862435724721057
Italy,ITA,2019,82.8,82.60226736652221,0.19773263347778425,0.0008534145706080341
Lebanon,LBN,2020,77.7,77.23173505291003,0.46826494708997757,0.0008495533133165767
Denmark,DNK,2020,81.4,81.93306801531817,-0.5330680153181646,0.0008357758590577842
Papua New Guinea,PNG,2020,66.3,66.54064231601738,-0.24064231601738584,0.0008215959141785493
Kenya,KEN,2021,66.8,66.51811084054832,0.2818891594516799,0.0008143462729354822
Eritrea,ERI,2021,63.6,63.44764242424254,0.15235757575746334,0.0008136604288686739
Australia,AUS,2018,82.8,82.49773063973065,0.30226936026934936,0.0008110723767064068
China,CHN,2018,77.1,76.85540473785495,0.24459526214504024,0.0008109016173382291
Israel,ISR,2020,82.4,82.29501269748782,0.10498730251218547,0.0008058838358144453
Azerbaijan,AZE,2020,71.4,73.08988717675985,-1.6898871767598393,0.0007955585002514511
Malta,MLT,2020,82.0,81.9035472101973,0.09645278980269723,0.0007955485593309447
Jamaica,JAM,2019,72.2,72.77941251962888,-0.5794125196288746,0.0007923923954421736
Cabo Verde,CPV,2018,73.9,74.1536245796404,-0.25362457964038754,0.0007861944852288075
Cabo Verde,CPV,2021,73.2,73.31612513298523,-0.11612513298523197,0.000781500079692273
Australia,AUS,2021,82.8,82.41623063973074,0.38376936026925534,0.0007791743393483434
Somalia,SOM,2019,55.2,55.45066666666672,-0.2506666666667172,0.0007738019925426389
Gambia,GMB,2021,64.2,63.87292744107747,0.32707255892253073,0.0007729282114250861
Lao People's Democratic Republic,LAO,2019,68.4,68.3938571428572,0.006142857142805269,0.0007713625304557566
Angola,AGO,2019,62.5,62.277216269841276,0.22278373015872432,0.0007682911624335156
Cabo Verde,CPV,2019,74.1,74.08015503687679,0.01984496312320516,0.0007680647459432723
Morocco,MAR,2021,72.6,73.16287275893676,-0.5628727589367628,0.0007680027991504903
Niue,NIU,2018,73.5,72.77740870733436,0.7225912926656406,0.0007670690900371327
Chad,TCD,2020,59.2,59.4143348003848,-0.21433480038479757,0.0007586936814421751
Jamaica,JAM,2018,72.5,73.0266164263057,-0.5266164263056936,0.0007529114113541431
Kazakhstan,KAZ,2020,71.3,72.22115019950962,-0.9211501995096256,0.0007521902247754072
Madagascar,MDG,2020,63.1,63.35256776094284,-0.2525677609428385,0.0007429684429619872
Poland,POL,2021,75.4,76.27143083329165,-0.8714308332916403,0.0007382338750383479
Costa Rica,CRI,2021,78.6,77.46916109446109,1.1308389055389085,0.0007322423479009452
Cyprus,CYP,2021,81.9,82.08380582158595,-0.18380582158594905,0.0007296214660579615
Iraq,IRQ,2021,71.5,72.01463993327415,-0.5146399332741538,0.0007277231742606427
Australia,AUS,2019,82.6,82.16933730158726,0.43066269841273197,0.0007248482863955155
Burundi,BDI,2018,64.0,64.33404638047155,-0.33404638047154833,0.000714855178948623
China,CHN,2019,77.3,76.84329253246766,0.4567074675323397,0.0007135846470691899
Finland,FIN,2018,81.4,81.1115294154858,0.2884705845142008,0.0007134628475051572
Equatorial Guinea,GNQ,2020,61.2,61.24496260683771,-0.04496260683770714,0.0007125563467262192
Afghanistan,AFG,2020,60.5,60.80946431623922,-0.30946431623922166,0.0007103478776612087
Australia,AUS,2020,82.8,82.3930973063974,0.40690269360260345,0.0007053906070485053
France,FRA,2021,81.9,81.74994444444461,0.1500555555553973,0.0007035166088877323
Bhutan,BTN,2021,74.9,73.83084378312317,1.0691562168768343,0.0007019133992419913
"Micronesia, Federated States of",FSM,2020,65.7,65.55739962722481,0.14260037277519189,0.0007013827548013155
Equatorial Guinea,GNQ,2018,61.4,61.15953607503617,0.24046392496382651,0.0006954339738760963
Honduras,HND,2020,70.3,71.6052431343166,-1.3052431343165978,0.0006951624663859323
Timor-Leste,TLS,2018,68.4,68.38389646464664,0.016103535353366283,0.0006947318821233518
Panama,PAN,2019,79.0,78.39124875598253,0.6087512440174692,0.0006925450464544707
Benin,BEN,2020,64.4,64.84266666666657,-0.4426666666665682,0.0006903316553659363
Cambodia,KHM,2021,68.9,69.0141127946129,-0.11411279461289325,0.0006876198421886615
Lebanon,LBN,2018,79.4,78.86583333333331,0.5341666666666924,0.0006869201211102301
France,FRA,2020,81.9,81.69901801346819,0.20098198653181498,0.0006837052791906615
Uzbekistan,UZB,2018,71.5,72.79248302944889,-1.2924830294488885,0.000676612971385815
Liberia,LBR,2020,63.5,62.974708333333375,0.5252916666666252,0.0006762866195953931
Syrian Arab Republic,SYR,2018,64.3,65.7394611111112,-1.4394611111112,0.0006734025690545727
Serbia,SRB,2020,74.4,75.02965531995478,-0.6296553199547787,0.0006696445133923477
Jamaica,JAM,2020,72.6,73.10817925365548,-0.5081792536554843,0.0006682808935028074
Fiji,FJI,2021,65.5,65.58563695563701,-0.08563695563701401,0.0006669825812420796
Seychelles,SYC,2021,74.0,75.28472288491085,-1.284722884910849,0.0006642136592109687
Tajikistan,TJK,2020,70.6,71.6584170698148,-1.0584170698148085,0.0006580489487271378
Burkina Faso,BFA,2020,62.9,62.43847222222224,0.46152777777776066,0.0006562000988573939
Portugal,PRT,2019,81.4,80.87955502237409,0.5204449776259139,0.0006548855712210573
Cambodia,KHM,2020,69.8,69.75387567147601,0.0461243285239874,0.0006520301405100366
Nauru,NRU,2019,73.7,73.00463240116665,0.6953675988333572,0.0006424953182635698
Nigeria,NGA,2020,62.8,62.980666666666636,-0.18066666666663878,0.000640832165945823
Madagascar,MDG,2018,63.7,63.911919191919175,-0.21191919191917208,0.000639495241035799
Bosnia and Herzegovina,BIH,2020,75.7,77.22479383231148,-1.5247938323114738,0.0006390128039458026
Malawi,MWI,2021,62.5,62.80323333333334,-0.30323333333333835,0.0006367291078869949
United Arab Emirates,ARE,2019,81.4,81.70177976190489,-0.3017797619048821,0.0006345334231865773
Palau,PLW,2019,73.7,73.06281042959277,0.6371895704072301,0.0006328636458229848
Palau,PLW,2018,73.5,72.89738910613038,0.602610893869624,0.0006314321878463307
Ecuador,ECU,2018,77.5,77.41456476205984,0.08543523794016039,0.0006280269796807274
"Moldova, Republic of",MDA,2020,72.1,72.82808166778513,-0.7280816677851334,0.0006260470628254561
Albania,ALB,2020,76.5,78.27966666666666,-1.7796666666666567,0.0006258966246808622
Uzbekistan,UZB,2019,72.3,73.13826954527502,-0.8382695452750255,0.000616098575036395
Mozambique,MOZ,2021,57.7,58.59999999999997,-0.8999999999999702,0.0006151288488450019
Lebanon,LBN,2019,79.3,78.8938333333333,0.4061666666666923,0.0006151086964471297
Indonesia,IDN,2018,71.2,71.42846300584333,-0.22846300584332369,0.0006147116336782965
Qatar,QAT,2019,78.9,80.09561111111111,-1.1956111111111056,0.0006130666642576529
Honduras,HND,2021,69.0,70.43294444444447,-1.4329444444444732,0.0006106410974456443
Russian Federation,RUS,2020,71.4,71.61358333333328,-0.2135833333332755,0.0006087556703572935
Malta,MLT,2021,81.8,81.57184353244226,0.22815646755773855,0.0006080435945186952
Algeria,DZA,2020,74.0,74.49337422158443,-0.4933742215844319,0.0006079825642808056
Paraguay,PRY,2021,70.3,72.15757065580614,-1.8575706558061427,0.0005995742976941271
Solomon Islands,SLB,2018,65.6,65.8739217328565,-0.27392173285650756,0.0005938262478347319
Saint Lucia,LCA,2020,75.6,74.7039433757278,0.896056624272191,0.0005799487872967767
Saint Vincent and the Grenadines,VCT,2018,73.2,72.54695856470116,0.6530414352988458,0.0005797262422395893
Indonesia,IDN,2019,71.4,71.67174314052346,-0.27174314052345494,0.0005774249555257472
New Zealand,NZL,2018,81.8,81.30244964294354,0.4975503570564541,0.0005762864831498777
New Zealand,NZL,2019,81.8,81.4134489665731,0.38655103342689756,0.0005757280972808104
Cambodia,KHM,2019,69.6,69.58775165228266,0.012248347717331853,0.0005741771948176772
Ethiopia,ETH,2018,68.5,68.00252142857138,0.4974785714286156,0.0005579550790555157
Portugal,PRT,2021,81.2,81.00614444036356,0.19385555963644663,0.0005539709948572346
Saint Kitts and Nevis,KNA,2018,73.5,72.64336698727556,0.8566330127244441,0.000553815379681681
Maldives,MDV,2018,78.7,78.50679166666679,0.1932083333332173,0.0005458329104849211
Grenada,GRD,2019,72.7,73.70345146189968,-1.0034514618996724,0.0005394459198733341
Benin,BEN,2018,63.7,63.549999999999955,0.15000000000004832,0.0005378138673443718
"Bolivia, Plurinational State of",BOL,2021,65.4,65.5416832611833,-0.14168326118328878,0.0005377884601862043
Papua New Guinea,PNG,2018,66.5,66.50821348003856,-0.008213480038563148,0.000536549130714335
Nigeria,NGA,2018,62.7,62.8323333333333,-0.13233333333329966,0.0005333083400560556
Portugal,PRT,2018,81.1,80.90923690068101,0.1907630993189855,0.0005325766710910119
Saint Kitts and Nevis,KNA,2021,72.2,71.652823809524,0.5471761904760086,0.0005325358571240417
"Tanzania, United Republic of",TZA,2020,67.4,66.77467777777781,0.625322222222195,0.0005254351554903633
"Palestine, State of",PSE,2018,75.7,75.67591203703705,0.024087962962951792,0.0005230141872238892
Azerbaijan,AZE,2021,72.9,73.51809236015778,-0.6180923601577746,0.0005229645902574551
Czechia,CZE,2020,78.1,79.22061230158744,-1.1206123015874425,0.0005211453656970269
Bhutan,BTN,2020,74.5,73.78004626582563,0.7199537341743678,0.0005185383370228455
Vanuatu,VUT,2021,66.3,66.55304093567251,-0.25304093567251584,0.0005183054112632327
Samoa,WSM,2018,70.1,70.27969365079367,-0.1796936507936806,0.0005142250690100898
Panama,PAN,2018,78.7,78.45177712899837,0.2482228710016301,0.000512080534911119
Trinidad and Tobago,TTO,2019,74.1,73.4522401961953,0.6477598038046892,0.000507910052147563
Tajikistan,TJK,2019,73.8,73.75553957104992,0.044460428950074515,0.0005063609933159923
Azerbaijan,AZE,2019,75.8,74.83707592592589,0.9629240740741096,0.0005058437290381088
Fiji,FJI,2019,67.9,67.67714386123137,0.22285613876863408,0.0005032383055701692
Timor-Leste,TLS,2019,68.5,68.57053535353538,-0.07053535353537654,0.0004960084346701092
Romania,ROU,2020,74.1,74.81528299736922,-0.7152829973692292,0.0004933490220008629
"Congo, The Democratic Republic of the",COD,2020,62.0,62.248866666666764,-0.24886666666676405,0.000490712796631391
"Palestine, State of",PSE,2019,75.8,77.5634259259259,-1.763425925925901,0.0004883143902737109
Canada,CAN,2019,82.0,81.64475808080824,0.3552419191917551,0.00048781609844324186
Guinea-Bissau,GNB,2020,58.4,58.213110052910075,0.18688994708992368,0.00048401913815145694
United Kingdom,GBR,2018,80.6,80.52942079641483,0.07057920358516867,0.0004838910683307639
Saint Vincent and the Grenadines,VCT,2019,73.1,72.30469990706408,0.7953000929359177,0.0004790092077743553
China,CHN,2020,77.5,76.97574808802321,0.5242519119767906,0.0004783109714292862
Trinidad and Tobago,TTO,2018,74.0,73.41651086895934,0.5834891310406647,0.0004781817347612547
Ethiopia,ETH,2019,68.8,68.20330476190468,0.5966952380953217,0.00047485769024096396
Tunisia,TUN,2019,77.5,76.63922717086838,0.8607728291316192,0.00047242319702006706
Saint Kitts and Nevis,KNA,2019,73.7,73.92146895895341,-0.2214689589534089,0.0004710680656234007
Namibia,NAM,2020,63.8,63.36261111111111,0.43738888888888994,0.00046737759642026376
Bulgaria,BGR,2020,73.5,74.13804594856505,-0.6380459485650505,0.0004666784749669696
Madagascar,MDG,2019,63.8,63.92644974747478,-0.12644974747477988,0.00046648151908367837
Turkmenistan,TKM,2019,69.1,68.9487634920634,0.15123650793658783,0.0004654923231096502
Lao People's Democratic Republic,LAO,2021,68.2,68.80157830687845,-0.6015783068784515,0.0004645752714649596
Cambodia,KHM,2018,69.4,69.49556987340794,-0.0955698734079391,0.0004612105799432255
Jordan,JOR,2020,77.6,78.54533333333326,-0.9453333333332665,0.0004606464259058056
Brazil,BRA,2021,72.4,72.9482067819507,-0.5482067819506966,0.00045926052298079367
"Micronesia, Federated States of",FSM,2019,65.9,65.5943390211642,0.3056609788358031,0.0004535309891373158
Haiti,HTI,2018,63.5,63.28665658844089,0.21334341155910863,0.0004462168476865733
Solomon Islands,SLB,2019,65.7,66.22215952380948,-0.5221595238094778,0.0004451573342432592
Timor-Leste,TLS,2021,68.0,67.61799999999998,0.3820000000000192,0.00044410949997954067
Cabo Verde,CPV,2020,73.7,73.58880751800884,0.11119248199116782,0.00044205123152299305
Greece,GRC,2018,81.1,80.5787267429196,0.5212732570803951,0.0004419935795914778
Equatorial Guinea,GNQ,2019,61.4,61.13176105561113,0.2682389443888695,0.00044019146745410205
Finland,FIN,2021,81.5,81.06733858918858,0.43266141081141996,0.0004383805026401351
Grenada,GRD,2018,72.8,73.24669509665996,-0.44669509665996543,0.0004347498968024376
Marshall Islands,MHL,2018,73.5,72.87102025360564,0.6289797463943643,0.00043461137076186517
Guatemala,GTM,2019,72.7,72.39330148892907,0.30669851107093393,0.0004304127774772555
Brazil,BRA,2020,74.1,74.52849269825913,-0.4284926982591344,0.0004225578632603446
Chile,CHL,2021,79.0,78.39569534030781,0.6043046596921897,0.00041533292404928666
Fiji,FJI,2018,67.9,68.03858333333335,-0.13858333333334372,0.0004131926384800095
"Korea, Democratic People's Republic of",PRK,2020,72.4,72.71059102032471,-0.31059102032470776,0.00041125374131338344
Guatemala,GTM,2018,72.7,72.31912315411029,0.38087684588971626,0.0004107388183169936
Papua New Guinea,PNG,2019,66.7,66.5805301467052,0.11946985329480242,0.00041012387661063193
China,CHN,2021,77.6,77.48820833333336,0.1117916666666332,0.0004084708161375747
Chad,TCD,2018,59.0,58.943766414141464,0.05623358585853566,0.0004072387700466443
"Tanzania, United Republic of",TZA,2021,66.8,65.98853121693128,0.8114687830687188,0.0004033141962965514
"Micronesia, Federated States of",FSM,2018,65.8,65.59162184944702,0.20837815055297426,0.0004031198823111157
Fiji,FJI,2020,67.7,67.59030198088952,0.10969801911048194,0.000401458117208476
Poland,POL,2018,77.6,77.1190719135802,0.48092808641979445,0.0004001207975449954
Chad,TCD,2019,59.4,59.284898821548815,0.11510117845118373,0.0003995908095387637
Benin,BEN,2019,64.1,63.84066666666668,0.2593333333333163,0.0003969381330672162
Guyana,GUY,2021,66.1,65.69145370370367,0.408546296296322,0.0003957717536883107
Morocco,MAR,2019,73.7,73.58039669430785,0.11960330569215216,0.0003954819688421706
Angola,AGO,2021,62.1,62.40303508771927,-0.303035087719266,0.0003944718286228351
Nauru,NRU,2018,73.5,72.7910772594256,0.7089227405743941,0.00039375868649845776
Burkina Faso,BFA,2019,62.6,62.065516666666674,0.534483333333327,0.00039144170988214994
Cook Islands,COK,2019,73.7,73.10732941917485,0.5926705808251569,0.0003909896622385641
Burkina Faso,BFA,2021,62.3,61.99131269841273,0.30868730158726976,0.0003769677665479464
Afghanistan,AFG,2019,61.2,61.43250320512815,-0.23250320512814682,0.00037667272793496365
Ecuador,ECU,2020,72.7,73.78914268278096,-1.0891426827809596,0.0003735172982627075
Gambia,GMB,2019,64.9,65.22149523809522,-0.32149523809520986,0.00037118013974061327
Tonga,TON,2020,73.2,72.67453647643553,0.5254635235644685,0.00037034553687973707
Germany,DEU,2021,80.5,81.04213851125368,-0.5421385112536825,0.00036975059026522284
Seychelles,SYC,2019,73.1,73.1277248039,-0.027724803899999984,0.0003655341236690591
Morocco,MAR,2018,73.6,73.49992373042696,0.10007626957303728,0.0003623292057667288
Estonia,EST,2019,78.9,78.07467962962977,0.8253203703702354,0.0003585581612807707
Italy,ITA,2021,82.2,82.49444404761908,-0.2944440476190806,0.00035769499863771525
Dominican Republic,DOM,2020,73.6,73.8226828184666,-0.22268281846660898,0.0003573410618239109
Gambia,GMB,2018,64.6,64.9400817460317,-0.34008174603170005,0.00035276174001943987
Dominica,DMA,2019,73.7,73.11842702354942,0.5815729764505875,0.00035155981478897965
Brunei Darussalam,BRN,2019,76.7,76.20907698412708,0.490923015872923,0.0003498469125080434
Croatia,HRV,2021,76.9,77.81674744152643,-0.9167474415264252,0.0003491409615978225
Trinidad and Tobago,TTO,2020,73.6,72.89891492913799,0.7010850708620069,0.00034201200634605047
Tajikistan,TJK,2018,73.5,73.59048544647086,-0.09048544647086487,0.00034200178461600675
Tunisia,TUN,2018,77.2,76.69772492219116,0.5022750778088465,0.0003418044374730276
Kiribati,KIR,2019,62.1,62.035326942501904,0.06467305749809782,0.00034087875449178835
Côte d'Ivoire,CIV,2020,63.3,63.01127777777777,0.2887222222222263,0.0003401897349604254
Djibouti,DJI,2020,65.3,65.2774990740741,0.02250092592589681,0.00034005723313712343
United Arab Emirates,ARE,2018,81.2,81.40634642857148,-0.20634642857147867,0.0003329465179424654
United Kingdom,GBR,2020,80.1,80.72046925928096,-0.6204692592809664,0.00032982639187172384
Saint Vincent and the Grenadines,VCT,2021,72.6,71.93870032469977,0.6612996753002278,0.0003269084093463097
Canada,CAN,2021,81.6,80.73557838634675,0.8644216136532492,0.0003267089298612226
Turkmenistan,TKM,2018,69.1,68.95809682539674,0.1419031746032573,0.0003243051479370038
Kyrgyzstan,KGZ,2021,72.2,72.85944614588907,-0.6594461458890635,0.00031558597860606555
Cook Islands,COK,2018,73.5,72.79786318558295,0.7021368144170452,0.00031452060978057634
Libya,LBY,2021,72.2,72.68508119782227,-0.485081197822268,0.0003098124917228941
Burkina Faso,BFA,2018,62.4,61.926850000000016,0.47314999999998264,0.0003094453345149835
Nicaragua,NIC,2020,75.0,74.60865758223264,0.3913424177673619,0.00030851134371658056
Portugal,PRT,2020,80.8,80.86881993469497,-0.06881993469497161,0.00030801313846923764
Marshall Islands,MHL,2019,73.7,72.64672708775984,1.0532729122401605,0.0003073274818133348
Saint Vincent and the Grenadines,VCT,2020,72.7,71.9582662379296,0.7417337620703961,0.000306314284973125
Uruguay,URY,2021,75.0,75.72217325640614,-0.7221732564061369,0.000304355524944261
Viet Nam,VNM,2020,74.8,74.77761670274174,0.022383297258258494,0.0003030901151403654
North Macedonia,MKD,2019,76.1,76.75108333333333,-0.6510833333333323,0.00030254444220953995
Estonia,EST,2020,78.6,77.86955462962982,0.7304453703701768,0.0003011474089896331
Greece,GRC,2019,80.9,80.28667915923955,0.6133208407604513,0.0002959015549840194
Tunisia,TUN,2021,74.1,73.76993085394999,0.3300691460500076,0.000294934459142583
Sweden,SWE,2019,82.7,82.07398803418795,0.6260119658120544,0.00029479528059822845
Spain,ESP,2020,81.9,82.55368611111113,-0.6536861111111278,0.00029186953425283885
Turkmenistan,TKM,2021,69.1,69.41532818512121,-0.3153281851212171,0.0002911821216210937
Côte d'Ivoire,CIV,2018,62.9,62.544333333333206,0.35566666666679225,0.0002878316413314452
"Korea, Democratic People's Republic of",PRK,2018,72.1,72.20090780117897,-0.1009078011789768,0.0002873566655903124
Mongolia,MNG,2019,70.8,70.29299999999994,0.5070000000000618,0.0002871850948681499
Tuvalu,TUV,2021,72.2,71.60390565175587,0.5960943482441365,0.0002870907875979764
Dominica,DMA,2021,72.2,72.0991501775649,0.10084982243510865,0.00028637642286678957
Nigeria,NGA,2019,63.1,62.99766666666664,0.10233333333336248,0.0002797130378769994
Colombia,COL,2021,74.5,74.12522937325093,0.37477062674906847,0.00027192122262324606
United Kingdom,GBR,2021,80.1,80.466078944204,-0.36607894420400555,0.00027073597680344263
Gambia,GMB,2020,64.8,65.45409921837422,-0.6540992183742276,0.000270497534534244
Libya,LBY,2020,72.6,72.84299837461192,-0.24299837461192908,0.0002704158330589065
Equatorial Guinea,GNQ,2021,61.6,61.2920483211234,0.3079516788765986,0.00026917563472703994
Sweden,SWE,2021,82.7,82.10579914529903,0.5942008547009721,0.0002689517619458466
El Salvador,SLV,2021,71.7,70.80966666666669,0.8903333333333165,0.0002686075777589049
Canada,CAN,2018,81.7,81.64765450937982,0.052345490620183455,0.00026603289654484024
Seychelles,SYC,2018,73.1,73.10105975450688,-0.001059754506883337,0.0002647697819028643
El Salvador,SLV,2020,72.1,72.15088853055848,-0.05088853055848119,0.00026380727766112555
Norway,NOR,2021,82.8,82.26808611111082,0.5319138888891786,0.0002631546390645198
Guyana,GUY,2020,66.9,66.68362500000002,0.2163749999999851,0.00026198571795041804
Serbia,SRB,2019,75.9,75.87072719502724,0.029272804972762856,0.0002617918350904757
Djibouti,DJI,2019,65.4,65.06480198412703,0.33519801587297593,0.00026165632929185033
Serbia,SRB,2018,75.9,75.93717185592189,-0.037171855921883434,0.00026152460955308364
Comoros,COM,2020,68.3,68.8942857142858,-0.5942857142858031,0.0002608081894001
Georgia,GEO,2019,73.9,74.32437106583137,-0.42437106583136597,0.0002606214263521389
Syrian Arab Republic,SYR,2019,69.2,69.41890270868532,-0.21890270868532014,0.0002589165554607111
"Congo, The Democratic Republic of the",COD,2018,61.4,61.50333333333337,-0.10333333333337436,0.0002577614486065674
Colombia,COL,2019,78.0,77.83151145347003,0.16848854652997147,0.0002565804926798001
Netherlands,NLD,2019,82.3,81.78569527324537,0.5143047267546308,0.0002528876971201877
Cameroon,CMR,2020,62.2,62.197269047618995,0.002730952381007512,0.0002528514815491902
Poland,POL,2019,77.7,77.3666077601411,0.33339223985890953,0.00024848102564994446
"Congo, The Democratic Republic of the",COD,2019,61.8,61.85368888888891,-0.053688888888913766,0.000246979052631813
Lithuania,LTU,2021,74.1,74.47173053372079,-0.37173053372079323,0.00024506228809631194
Philippines,PHL,2019,69.4,70.28641143455042,-0.8864114345504106,0.00024209527703021938
Viet Nam,VNM,2018,73.6,73.39853660968667,0.2014633903133216,0.00024021542840119725
Guinea-Bissau,GNB,2018,58.6,58.54886904761902,0.05113095238097998,0.00023914988677115227
Sao Tome and Principe,STP,2020,71.3,71.39834642857133,-0.09834642857133247,0.00023591473526978935
Netherlands,NLD,2021,81.1,81.4090038739524,-0.30900387395240614,0.00023572932357107413
Madagascar,MDG,2021,62.9,63.20459747474756,-0.3045974747475597,0.0002311827702500596
Djibouti,DJI,2018,65.1,64.83181190476199,0.2681880952380027,0.0002256245672345987
Haiti,HTI,2021,62.5,62.643293049543146,-0.14329304954314637,0.00022484271888694222
India,IND,2021,67.3,66.50594550264553,0.7940544973544661,0.0002234139023541556
Colombia,COL,2018,77.8,77.63856798941772,0.1614320105822742,0.0002224704930796484
Belarus,BLR,2021,73.1,73.9803734197721,-0.8803734197721127,0.00021690270228037797
Côte d'Ivoire,CIV,2019,63.5,62.7838333333333,0.7161666666667017,0.00021345511769648397
Estonia,EST,2018,78.3,77.86881018518542,0.43118981481457297,0.0002114319751932379
Benin,BEN,2021,64.0,63.7177797619048,0.28222023809519925,0.0002095009263562492
South Africa,ZAF,2020,64.3,64.04416898266564,0.25583101733435853,0.0002094024362130839
Dominican Republic,DOM,2021,73.3,73.56046919968475,-0.26046919968474924,0.00020930065840722522
Rwanda,RWA,2020,68.3,68.36726666666686,-0.06726666666686754,0.0002064344276466679
Ukraine,UKR,2021,70.9,71.78366666666669,-0.8836666666666844,0.00020471367208887978
Nepal,NPL,2019,71.4,71.32840534766484,0.07159465233516471,0.0002041999057044286
Lebanon,LBN,2021,74.3,76.35336111111116,-2.0533611111111583,0.0002031888473572163
Mauritius,MUS,2019,74.1,73.9953109041288,0.10468909587119413,0.00020309415724062006
Bhutan,BTN,2018,73.8,73.49254521225666,0.3074547877433389,0.00020250802932160442
Senegal,SEN,2019,68.8,68.25748412698412,0.5425158730158728,0.0001968955672928004
Canada,CAN,2020,81.3,80.52885492639162,0.7711450736083805,0.0001949128765958585
South Sudan,SSD,2018,58.9,57.11999999999999,1.7800000000000082,0.00019004414899971827
Austria,AUT,2021,81.0,81.35307536980585,-0.3530753698058504,0.0001893024194574944
Belgium,BEL,2020,80.8,81.77373288938159,-0.9737328893815942,0.00018414971103344045
Malawi,MWI,2019,63.2,63.057177777777845,0.1428222222221578,0.0001802501146840309
Djibouti,DJI,2021,64.9,65.04049907407419,-0.14049907407418516,0.00017997054008129875
Norway,NOR,2020,82.8,82.23669722222193,0.5633027777780626,0.00017857666178807985
Belarus,BLR,2020,73.0,73.91343611818479,-0.9134361181847908,0.00017844889359016976
Rwanda,RWA,2021,67.5,67.57934939874946,-0.07934939874945712,0.00017768311282897217
Malaysia,MYS,2021,72.8,72.88834303785121,-0.08834303785121733,0.0001736259936909462
Rwanda,RWA,2018,67.6,67.96800000000009,-0.3680000000000945,0.00017303347002958191
Georgia,GEO,2018,73.8,73.61333950535324,0.18666049464675893,0.00017278334839484832
Ethiopia,ETH,2021,67.8,67.50896626984137,0.291033730158631,0.00016964075776886042
Pakistan,PAK,2020,65.8,66.33871111111104,-0.5387111111110414,0.0001686757312438549
Germany,DEU,2020,80.8,81.2525048941799,-0.4525048941799099,0.00016858349648300877
Albania,ALB,2021,76.4,77.88820515873012,-1.4882051587301106,0.00016668846649023076
Ghana,GHA,2020,66.2,65.8104863035113,0.3895136964887058,0.00016579491118194896
Norway,NOR,2019,82.7,82.26141944444414,0.43858055555585906,0.00016576925478730374
Brazil,BRA,2019,75.5,74.94114205605521,0.5588579439447869,0.00016531476171810692
Honduras,HND,2018,71.3,71.55076219983701,-0.25076219983701264,0.00016417363312385368
"Korea, Democratic People's Republic of",PRK,2019,72.3,72.34399798107374,-0.043997981073744086,0.00016271992051749575
Grenada,GRD,2021,72.8,72.29064971981074,0.5093502801892527,0.00016238794800953755
Solomon Islands,SLB,2020,65.4,66.32057619047617,-0.9205761904761687,0.0001618022948406511
Mexico,MEX,2021,70.8,71.28866666666667,-0.48866666666667413,0.00016133782791954746
Nepal,NPL,2018,71.1,71.19462363215804,-0.09462363215804714,0.00016055179273441784
Dominica,DMA,2018,73.5,72.03570971032202,1.464290289677976,0.00015930563033160616
Rwanda,RWA,2019,67.8,68.02000000000012,-0.22000000000012676,0.00015611265052043144
Greece,GRC,2020,80.6,80.14327309914567,0.45672690085432066,0.00015532851043688478
Sudan,SDN,2019,69.5,68.90608333333336,0.5939166666666438,0.0001529925750778468
Senegal,SEN,2018,68.4,68.09059365079361,0.3094063492063981,0.0001527369109961107
Mauritius,MUS,2018,74.0,73.99022798924139,0.009772010758609895,0.00015174409155046308
Papua New Guinea,PNG,2021,65.5,65.69336493506493,-0.19336493506493468,0.00014900371900245058
Iraq,IRQ,2018,73.1,72.38518448768018,0.7148155123198165,0.00014804957436284402
Antigua and Barbuda,ATG,2021,76.9,77.75916983281235,-0.8591698328123414,0.00014769930194592337
Togo,TGO,2018,63.1,62.86161260094678,0.2383873990532237,0.00014531143029858658
Israel,ISR,2021,81.7,82.2190066433569,-0.5190066433569029,0.00014529631743303456
Malawi,MWI,2018,62.9,62.95684444444449,-0.05684444444449355,0.0001444302207005523
Philippines,PHL,2020,69.6,69.69380774084088,-0.09380774084088728,0.00014346389646626164
Liberia,LBR,2018,63.1,62.62700000000003,0.47299999999997056,0.00014314339572667564
Germany,DEU,2018,80.6,80.96057481329576,-0.36057481329577,0.00014244008414762867
Tonga,TON,2021,72.7,72.41513909703426,0.28486090296574673,0.00013830683130515445
Kyrgyzstan,KGZ,2020,71.5,71.87761243112453,-0.3776124311245326,0.00013717031307790232
Argentina,ARG,2020,76.2,77.00185375180371,-0.801853751803705,0.00013501690335093101
Marshall Islands,MHL,2021,72.2,71.62661256436938,0.5733874356306217,0.00013468951273689077
Mauritius,MUS,2020,73.6,73.61004617822744,-0.010046178227440805,0.00013454020497442827
Slovakia,SVK,2020,76.9,77.16420926655108,-0.26420926655107735,0.0001343467987135991
Zambia,ZMB,2020,61.8,62.27283513071901,-0.4728351307190124,0.00013203135350653086
Tonga,TON,2019,72.9,72.67335592087998,0.22664407912002105,0.0001310565355723921
Myanmar,MMR,2021,67.8,67.4085238095239,0.39147619047609794,0.00013060350192585542
Suriname,SUR,2018,73.1,72.92862189682171,0.1713781031782844,0.0001280826450406056
Grenada,GRD,2020,75.4,75.48347765700488,-0.08347765700487741,0.00012799826417301147
Afghanistan,AFG,2018,60.5,60.78267727920218,-0.2826772792021828,0.0001273348036196803
Comoros,COM,2021,67.5,68.5587361111112,-1.0587361111112017,0.00012483801994155063
Mexico,MEX,2020,70.9,71.33877777777779,-0.43877777777778704,0.00012285479217422884
Botswana,BWA,2019,64.9,63.694499999999984,1.205500000000022,0.00012255613217905314
Honduras,HND,2019,71.4,71.58835148555127,-0.1883514855512658,0.00012241384758276833
Mauritania,MRT,2018,70.0,69.66000277777758,0.3399972222224221,0.00011985711957427296
Bahamas,BHS,2020,72.6,72.76562781282215,-0.16562781282215155,0.00011730655997746505
Kenya,KEN,2020,66.8,65.96952962962965,0.8304703703703495,0.00011586840701116886
Afghanistan,AFG,2021,59.1,59.89677777777787,-0.7967777777778693,0.00011546519941983893
"Bolivia, Plurinational State of",BOL,2018,72.7,73.13389266722957,-0.4338926672295713,0.00011413045244094234
Chad,TCD,2021,59.1,58.96092267917269,0.13907732082731172,0.00011357572355932091
Yemen,YEM,2021,65.8,65.71463253968254,0.08536746031745679,0.00011338382343104727
Mongolia,MNG,2018,70.5,70.40466666666654,0.09533333333345695,0.00011241420629766646
Comoros,COM,2018,68.2,68.7717142857143,-0.5717142857142932,0.00011172279225289268
Brunei Darussalam,BRN,2020,76.8,74.34013333333327,2.459866666666727,0.00011069653186539916
Bhutan,BTN,2019,73.9,73.63700632336783,0.26299367663217765,0.00011014602975382226
Sudan,SDN,2021,67.6,67.42967658730161,0.17032341269838014,0.00010968712928491256
"Micronesia, Federated States of",FSM,2021,65.7,65.43177110755593,0.2682288924440712,0.000108445102839183
Antigua and Barbuda,ATG,2020,77.6,77.25254814814821,0.34745185185178684,0.0001081693692585433
Philippines,PHL,2018,69.7,70.0838908330922,-0.3838908330921953,0.0001065100320329201
Liberia,LBR,2021,63.5,62.70826388888895,0.7917361111110495,0.0001064311338562144
Italy,ITA,2020,81.9,82.59525515873004,-0.6952551587300349,0.00010548527990152012
Bosnia and Herzegovina,BIH,2018,77.3,77.342355844156,-0.04235584415600613,0.00010535779869097317
Tonga,TON,2018,72.8,72.62122992979269,0.17877007020730673,0.00010510212105578922
Zambia,ZMB,2019,61.8,61.83906251167134,-0.03906251167133945,0.00010258165540313072
Kazakhstan,KAZ,2018,73.2,73.02863727434656,0.17136272565343802,0.00010227126069092663
Guatemala,GTM,2021,68.7,68.46044444444453,0.23955555555546937,0.00010227040176420184
Montenegro,MNE,2019,76.8,77.21514753601515,-0.4151475360151551,0.0001014188488380519
Belgium,BEL,2019,81.6,81.2063225401792,0.3936774598207933,0.00010075833730613621
Ireland,IRL,2019,81.9,81.87637468734965,0.023625312650352726,9.973627209761895e-05
Suriname,SUR,2021,69.8,70.45099999999996,-0.6509999999999678,9.828478306634374e-05
Kazakhstan,KAZ,2019,73.2,73.0451369530012,0.15486304699879838,9.773696399518373e-05
"Iran, Islamic Republic of",IRN,2021,74.7,73.63717671543547,1.06282328456453,9.567904831914658e-05
South Africa,ZAF,2021,61.5,61.4839999999999,0.016000000000097714,9.54513820740199e-05
Suriname,SUR,2019,73.0,72.85062616930438,0.14937383069562316,9.476413802292855e-05
Kiribati,KIR,2021,60.9,61.24700926491805,-0.34700926491805006,9.339508711590079e-05
Ghana,GHA,2021,66.1,65.61047757936507,0.4895224206349269,9.339379411891406e-05
Mauritania,MRT,2019,70.2,69.71278968253952,0.48721031746048027,9.315843933949117e-05
Yemen,YEM,2019,66.9,66.96054444444451,-0.06054444444450269,9.284895286136409e-05
Malawi,MWI,2020,63.5,63.34313131313145,0.15686868686854893,9.242542336717855e-05
Tunisia,TUN,2020,77.1,76.63103333333324,0.4689666666667591,9.230813637543316e-05
Dominica,DMA,2020,72.7,72.9462844747411,-0.2462844747411026,9.091488511314191e-05
Comoros,COM,2019,68.1,68.31939999999996,-0.21939999999996473,8.996974944327768e-05
Barbados,BRB,2019,76.0,76.08530441595423,-0.08530441595422644,8.973300163261778e-05
Kiribati,KIR,2018,60.7,61.06167798786179,-0.36167798786178906,8.812581423017681e-05
Togo,TGO,2020,63.8,63.707803908128916,0.09219609187108091,8.782979845355721e-05
Viet Nam,VNM,2019,73.7,73.62435084570599,0.07564915429401253,8.656538481422344e-05
Namibia,NAM,2019,63.5,63.15150000000001,0.34849999999998715,8.461161563771731e-05
Austria,AUT,2020,81.1,81.71910397015277,-0.6191039701527785,8.446277931477887e-05
Bulgaria,BGR,2019,75.0,74.83031048986055,0.16968951013944888,8.24218933050178e-05
Kuwait,KWT,2021,79.0,79.38076111111108,-0.38076111111108446,8.239473873221276e-05
Cameroon,CMR,2019,62.0,61.89013095238084,0.1098690476191635,8.20245876928118e-05
"Bolivia, Plurinational State of",BOL,2019,72.9,73.3000507484698,-0.4000507484697948,8.198364220047646e-05
Cuba,CUB,2018,77.9,77.93565928515929,-0.03565928515928363,8.134289428433556e-05
Latvia,LVA,2020,75.5,75.39475818968606,0.10524181031394164,7.993351721219536e-05
Ethiopia,ETH,2020,68.8,68.2952214285714,0.5047785714286022,7.894610955891663e-05
Botswana,BWA,2018,64.5,63.66816666666666,0.8318333333333428,7.832543730434987e-05
Sudan,SDN,2018,69.2,68.7714166666667,0.42858333333330734,7.54059348901027e-05
Côte d'Ivoire,CIV,2021,63.5,63.07344444444444,0.42655555555555935,7.526147026245244e-05
Croatia,HRV,2020,77.9,78.72832840433334,-0.8283284043333339,7.392746664547926e-05
Senegal,SEN,2021,67.8,67.27966865079368,0.520331349206316,7.388106347722029e-05
Netherlands,NLD,2020,81.4,81.69775230787734,-0.29775230787733165,7.30895950470317e-05
Niue,NIU,2021,72.2,71.41563804713824,0.784361952861758,7.277436557809822e-05
Sao Tome and Principe,STP,2018,71.4,72.13465867169307,-0.7346586716930688,7.212560140478724e-05
Slovenia,SVN,2020,80.3,80.90375505050508,-0.6037550505050859,6.901399921854918e-05
Brazil,BRA,2018,75.3,74.92716821789286,0.3728317821071414,6.783009296441121e-05
"Congo, The Democratic Republic of the",COD,2021,61.6,61.80692182539687,-0.20692182539686854,6.762960619300457e-05
Ireland,IRL,2018,81.7,81.61313132145621,0.08686867854379443,6.580876348125709e-05
Uganda,UGA,2020,66.3,65.87179178691683,0.4282082130831668,6.367374477818785e-05
Panama,PAN,2021,77.2,77.38595840085843,-0.18595840085842497,6.305225153595896e-05
Azerbaijan,AZE,2018,75.1,74.9011592592592,0.19884074074079194,6.210278061885011e-05
Zambia,ZMB,2018,61.4,61.47857799988667,-0.07857799988666869,6.097952449263935e-05
Paraguay,PRY,2018,75.2,75.22206285467387,-0.022062854673862375,6.0886603267248005e-05
Cuba,CUB,2019,77.7,77.82818706293718,-0.1281870629371724,6.0683860014494036e-05
Niue,NIU,2020,72.7,72.93192559756467,-0.23192559756466835,6.060804261849035e-05
United Arab Emirates,ARE,2020,80.1,81.66149741462262,-1.5614974146226217,6.0245787356192977e-05
Netherlands,NLD,2018,81.9,81.70006994856996,0.1999300514300444,5.927376521956816e-05
Ghana,GHA,2019,66.0,65.67696593915345,0.3230340608465525,5.80176981935067e-05
Tuvalu,TUV,2019,73.7,72.96966940449207,0.7303305955079367,5.766124971189047e-05
Paraguay,PRY,2019,75.1,75.10731190958438,-0.007311909584387877,5.6344953380969e-05
Slovenia,SVN,2021,80.4,81.00903340270823,-0.6090334027082207,5.607583272777839e-05
Switzerland,CHE,2018,82.8,82.74443452380916,0.05556547619083574,5.4982735843120035e-05
Mali,MLI,2020,61.5,61.821282936507984,-0.3212829365079841,5.4615205641240694e-05
Poland,POL,2020,76.4,76.53639664790192,-0.1363966479019183,5.192949914220531e-05
Peru,PER,2020,72.8,73.70750747341731,-0.9075074734173114,5.119671572946311e-05
Panama,PAN,2020,77.3,77.70821601731602,-0.40821601731602186,5.094283553986342e-05
Cameroon,CMR,2021,61.8,62.083568181818165,-0.28356818181816834,5.040246083765549e-05
Mauritania,MRT,2020,68.9,69.9329590296724,-1.0329590296723978,5.02186964394841e-05
Ecuador,ECU,2021,74.0,73.52403901689452,0.4759609831054803,4.973507806430807e-05
United Kingdom,GBR,2019,81.2,80.78909901892766,0.41090098107234496,4.948934419865655e-05
Estonia,EST,2021,77.1,77.41392683150194,-0.313926831501945,4.89609695774269e-05
Nepal,NPL,2020,71.0,71.40420177623625,-0.4042017762362491,4.867184293942015e-05
Kuwait,KWT,2020,78.8,79.29854854404856,-0.4985485440485604,4.7986394454288044e-05
Mauritius,MUS,2021,73.4,73.2494148953987,0.15058510460130492,4.780898993632807e-05
Paraguay,PRY,2020,75.2,75.1209839130117,0.07901608698830387,4.6955607085581845e-05
Marshall Islands,MHL,2020,72.7,72.86655196617383,-0.16655196617382728,4.678746132519669e-05
Japan,JPN,2019,82.8,82.76533333333299,0.03466666666700746,4.6432882311809814e-05
Zambia,ZMB,2021,61.0,62.14612222222216,-1.1461222222221608,4.5482962409647584e-05
Botswana,BWA,2020,65.2,64.09610353535355,1.1038964646464535,4.529803946484126e-05
Bulgaria,BGR,2018,74.9,74.70163894929141,0.19836105070859844,4.498405149932505e-05
Japan,JPN,2020,82.8,82.79466666666623,0.005333333333766177,4.434157285095833e-05
Germany,DEU,2019,81.0,81.28393636363636,-0.2839363636363572,4.32887879272059e-05
Switzerland,CHE,2019,82.8,82.72062499999964,0.07937500000035413,4.2990902725724935e-05
Samoa,WSM,2020,70.2,70.82438055555554,-0.6243805555555326,4.265237549764434e-05
Algeria,DZA,2021,76.0,76.02323048433047,-0.023230484330468926,4.246236483948637e-05
Romania,ROU,2019,75.5,75.34268361722889,0.15731638277111415,4.173381412817863e-05
Guinea,GIN,2021,61.3,61.08235389610391,0.21764610389608663,4.049117884224276e-05
Mali,MLI,2019,61.8,61.90037500000001,-0.10037500000001387,3.979020012546876e-05
Kenya,KEN,2018,66.1,65.26025158730165,0.8397484126983414,3.9071453866519664e-05
Belarus,BLR,2019,74.8,74.43927136842642,0.36072863157357915,3.872965492266246e-05
Cuba,CUB,2020,77.6,77.63579814814831,-0.0357981481483165,3.592630420901155e-05
Libya,LBY,2018,73.5,73.07826271614591,0.4217372838540854,3.457131045494205e-05
Ghana,GHA,2018,65.5,65.27545858174476,0.22454141825524232,3.4310562660430856e-05
Congo,COG,2021,63.2,62.834566666666625,0.36543333333337813,3.41233048221483e-05
Lithuania,LTU,2019,76.2,76.07575567538329,0.12424432461671131,3.329318007211163e-05
Jordan,JOR,2021,75.6,76.80778461538453,-1.20778461538454,3.316306227726873e-05
North Macedonia,MKD,2018,76.5,75.57647896825395,0.9235210317460485,3.261399327457205e-05
Senegal,SEN,2020,68.6,68.40901335403727,0.19098664596272386,3.252600128328e-05
Albania,ALB,2019,77.9,78.64933333333353,-0.7493333333335244,3.221646051482552e-05
Barbados,BRB,2020,76.9,76.01322777777771,0.8867722222222909,3.2102088454194556e-05
Myanmar,MMR,2020,68.9,69.15344695192083,-0.25344695192082156,3.1752669749662804e-05
Iraq,IRQ,2019,72.9,72.3708255629684,0.5291744370315996,3.170308003176139e-05
Uruguay,URY,2019,77.0,77.56213845598835,-0.5621384559883467,3.154126793107448e-05
Mali,MLI,2018,61.3,61.289597222222206,0.010402777777791528,3.1139294419291316e-05
Myanmar,MMR,2018,68.6,68.44163412698411,0.15836587301588168,3.059393201358768e-05
Russian Federation,RUS,2019,73.2,72.68590327568843,0.514096724311571,3.0455919366193068e-05
Argentina,ARG,2019,77.0,77.53727286556027,-0.5372728655602685,3.0305404996155988e-05
Argentina,ARG,2018,76.9,77.21932941317931,-0.31932941317930386,2.9594315465351204e-05
Cameroon,CMR,2018,61.4,61.434032467532504,-0.034032467532504995,2.9566440646518e-05
Austria,AUT,2018,81.4,81.34074203647252,0.05925796352748591,2.909940038837803e-05
Cook Islands,COK,2021,72.2,71.67090277777793,0.5290972222220773,2.6655623115878392e-05
Samoa,WSM,2021,70.3,70.62058333333341,-0.32058333333341693,2.6258157274692244e-05
Guinea,GIN,2020,61.2,61.30676388888887,-0.10676388888886379,2.613157657505315e-05
Uruguay,URY,2020,77.8,77.57750654900646,0.22249345099353945,2.5847026072218164e-05
Congo,COG,2020,63.4,63.38718985366482,0.012810146335176853,2.5374826173791944e-05
Armenia,ARM,2019,75.7,75.33767598605112,0.3623240139488786,2.5116006812576302e-05
Lithuania,LTU,2018,75.8,75.74354222170736,0.056457778292639205,2.491034164309516e-05
Ireland,IRL,2021,81.6,81.74811436988932,-0.1481143698893277,2.3504405076880812e-05
Namibia,NAM,2018,62.8,62.72155555555558,0.07844444444441478,2.32754507286285e-05
Libya,LBY,2019,73.5,72.98898206354467,0.5110179364553318,2.3249698246955403e-05
Switzerland,CHE,2021,82.8,82.72929166666631,0.07070833333368398,2.2506344566926408e-05
Myanmar,MMR,2019,68.8,68.69311890959283,0.10688109040717109,2.235021037560549e-05
Congo,COG,2018,63.1,62.8628999999999,0.23710000000010467,2.1314086049705494e-05
Sweden,SWE,2018,82.2,82.06077136752124,0.13922863247876194,2.05198525734555e-05
Belarus,BLR,2018,74.3,74.23206254439673,0.06793745560327125,2.051339076024798e-05
Algeria,DZA,2019,76.5,76.59208974358981,-0.09208974358980981,1.9749143743000115e-05
Congo,COG,2019,62.8,62.61723682336194,0.18276317663805486,1.96435795922143e-05
Colombia,COL,2020,76.2,76.7564837584884,-0.5564837584883975,1.95476307459131e-05
Yemen,YEM,2018,66.4,66.25905793650792,0.1409420634920906,1.8974443075142373e-05
Kenya,KEN,2019,66.5,65.37561904761907,1.1243809523809318,1.784436312133396e-05
Barbados,BRB,2021,76.8,75.64763333333333,1.1523666666666657,1.783342237943266e-05
Croatia,HRV,2019,78.6,78.8644857163568,-0.26448571635680196,1.7832652910493528e-05
Ireland,IRL,2020,81.7,81.87242230639727,-0.17242230639726586,1.7496597784623722e-05
Slovakia,SVK,2018,77.2,77.05594251718344,0.14405748281656372,1.713686441527955e-05
Lithuania,LTU,2020,74.9,74.87709715370198,0.02290284629802386,1.626099712106213e-05
Guyana,GUY,2018,68.7,67.82557011183276,0.8744298881672421,1.5505455603189576e-05
Japan,JPN,2018,82.8,82.7973333333329,0.0026666666670962513,1.4137649966902359e-05
Botswana,BWA,2021,61.2,61.170999999999985,0.02900000000001768,1.3659726398775353e-05
Austria,AUT,2019,81.6,81.71575397015282,-0.11575397015282363,1.3627754106185728e-05
Barbados,BRB,2018,76.3,76.08320917785896,0.21679082214103573,1.1608874073301464e-05
Mali,MLI,2021,61.7,61.83665555555559,-0.13665555555558484,1.1024684468202762e-05
Belgium,BEL,2021,81.5,81.7464643708631,-0.24646437086309447,1.0308324125280172e-05
"Tanzania, United Republic of",TZA,2018,66.4,65.9621548821549,0.43784511784510016,1.0259620821966268e-05
Belgium,BEL,2018,81.2,81.12945505581183,0.07054494418817114,9.687497955336167e-06
Czechia,CZE,2018,78.9,79.0746101491103,-0.17461014911029338,9.469722831763247e-06
Uruguay,URY,2018,77.0,77.35012743182733,-0.35012743182733175,9.025892385377915e-06
Albania,ALB,2018,77.9,78.40233333333354,-0.5023333333335387,8.976191658081941e-06
Greece,GRC,2021,79.6,79.94583415651627,-0.34583415651627547,8.975977128636736e-06
Sao Tome and Principe,STP,2019,71.7,72.23522719021162,-0.5352271902116144,8.858449879033119e-06
Samoa,WSM,2019,70.0,69.84007153679664,0.1599284632033573,8.493011682769726e-06
Cook Islands,COK,2020,72.7,72.98012716248886,-0.28012716248885283,8.160421893436534e-06
Bahamas,BHS,2018,73.4,73.05572291637544,0.34427708362456144,8.011782203877936e-06
Liberia,LBR,2019,63.4,62.81104166666669,0.5889583333333093,7.690609057400325e-06
Bosnia and Herzegovina,BIH,2019,77.1,77.26803253968266,-0.1680325396826703,7.5318924390027825e-06
"Moldova, Republic of",MDA,2018,72.9,72.98978280701206,-0.08978280701205676,7.171445520829411e-06
"Moldova, Republic of",MDA,2019,73.3,73.2162350588675,0.08376494113250033,7.0524989304312795e-06
Tuvalu,TUV,2018,73.5,72.91291895848916,0.5870810415108423,6.746550085647315e-06
Namibia,NAM,2021,60.4,60.49666666666671,-0.09666666666671375,6.641331417391798e-06
Sao Tome and Principe,STP,2021,71.2,71.28491165641921,-0.08491165641920873,5.829509393469088e-06
Togo,TGO,2019,63.6,63.33855708273216,0.26144291726784274,5.643226159656508e-06
Nepal,NPL,2021,70.0,69.80270136275344,0.19729863724656127,5.323917945665807e-06
Guinea,GIN,2018,60.7,60.53146085858572,0.1685391414142856,5.313128822006714e-06
South Africa,ZAF,2018,65.3,64.21749682539695,1.0825031746030476,4.45915488853754e-06
Mozambique,MOZ,2019,58.5,58.79153968253966,-0.291539682539657,4.278990822688625e-06
Sudan,SDN,2020,68.4,68.80241262626255,-0.4024126262625458,4.25253674164219e-06
Brunei Darussalam,BRN,2021,76.9,73.91266666666662,2.987333333333382,3.9625703896409e-06
Guinea,GIN,2019,61.1,60.71104166666656,0.38895833333344143,3.6024700462148006e-06
"Tanzania, United Republic of",TZA,2019,66.8,66.29766440596443,0.5023355940355714,3.2834320834816676e-06
"Iran, Islamic Republic of",IRN,2020,75.2,76.19954444444444,-0.9995444444444388,3.099290743852938e-06
Sweden,SWE,2020,82.1,82.07235369075359,0.027646309246406986,2.9041729998665474e-06
Vanuatu,VUT,2020,67.1,67.10686666666655,-0.006866666666553556,2.7659060236293434e-06
Romania,ROU,2018,75.1,75.12292988326134,-0.022929883261340933,2.7176722158776565e-06
Czechia,CZE,2019,79.1,79.2196727559478,-0.11967275594780347,2.7061729857239122e-06
Malaysia,MYS,2019,74.7,74.30406204577042,0.39593795422958067,2.508774975158356e-06
Mauritania,MRT,2021,68.9,70.26592558347453,-1.365925583474521,2.2420233855368464e-06
Mozambique,MOZ,2020,58.6,58.934595238095234,-0.3345952380952326,2.1303651137667215e-06
Mozambique,MOZ,2018,57.9,58.65787301587299,-0.7578730158729883,2.0352084662459653e-06
Guatemala,GTM,2020,71.0,70.65733784632404,0.34266215367595976,1.9145047197839115e-06
Switzerland,CHE,2020,82.7,82.70476785714253,-0.004767857142525145,1.8453032557874747e-06
Croatia,HRV,2018,78.3,78.37434759712873,-0.07434759712873529,1.81815971472746e-06
Slovakia,SVK,2019,77.6,77.22612594978354,0.3738740502164575,1.6606884173247053e-06
Uganda,UGA,2019,66.1,65.50840649540524,0.5915935045947549,1.5705700421026606e-06
South Africa,ZAF,2019,65.8,64.65968718487396,1.1403128151260375,1.56831394368405e-06
Algeria,DZA,2018,76.4,76.57442307692317,-0.17442307692316206,1.3808667381822898e-06
Malaysia,MYS,2018,74.5,74.26879483015405,0.23120516984594985,1.3105861205313724e-06
Guyana,GUY,2019,68.7,67.64037799422807,1.0596220057719279,1.213123541741958e-06
Norway,NOR,2018,82.4,82.25886388888854,0.1411361111114644,1.1495517024641811e-06
Russian Federation,RUS,2018,72.7,72.5847828159327,0.11521718406730486,1.1262647135717474e-06
Japan,JPN,2021,82.8,82.7819999999996,0.018000000000398586,1.093219955688731e-06
Trinidad and Tobago,TTO,2021,71.7,71.50014346175699,0.19985653824301153,8.307303638579731e-07
Peru,PER,2021,71.7,72.27998715907414,-0.5799871590741361,7.872437284271755e-07
Togo,TGO,2021,63.9,63.684210125060225,0.21578987493977309,6.949167157788443e-07
Montenegro,MNE,2018,77.2,77.19837534986783,0.0016246501321717233,5.589871315418335e-07
Nigeria,NGA,2021,63.4,63.01466666666662,0.38533333333337794,5.585107750123116e-07
Vanuatu,VUT,2018,67.0,67.07505097402598,-0.07505097402598437,4.5408497057624226e-07
Uganda,UGA,2018,65.7,65.38371800334181,0.3162819966581907,2.1543561931624832e-07
Latvia,LVA,2019,75.7,75.33854834862842,0.3614516513715813,1.8518932951026152e-07
Mongolia,MNG,2021,70.1,70.45066666666668,-0.3506666666666831,3.861366408499085e-08
Latvia,LVA,2018,75.1,74.97692090168599,0.1230790983140082,3.2241875166944776e-08
Vanuatu,VUT,2019,67.1,67.21691587301588,-0.11691587301588413,3.0475500512441606e-08
Tajikistan,TJK,2021,71.8,71.88647541319068,-0.08647541319068353,2.9610192415223806e-08
Armenia,ARM,2018,75.6,75.29048548026066,0.30951451973933786,2.9121120655264137e-08
Uganda,UGA,2021,66.0,65.39379194514073,0.6062080548592661,9.101787668636878e-09
Viet Nam,VNM,2021,73.8,74.187718766157,-0.3877187661570076,2.2498019457581455e-09
