Country,ISO3,Year,proj_le_baseline,proj_le_lo80,proj_le_hi80
Afghanistan,AFG,2022,59.84601904761911,58.58,61.302
Afghanistan,AFG,2023,60.59461904761897,59.2,62.0
Afghanistan,AFG,2024,60.72199999999994,59.2,62.1
Afghanistan,AFG,2025,60.709666666666614,59.2,62.1
Afghanistan,AFG,2026,60.70499999999994,59.2,62.1
Afghanistan,AFG,2027,60.47799999999996,59.2,62.1
Afghanistan,AFG,2028,60.453666666666614,59.2,62.1
Afghanistan,AFG,2029,60.33599999999995,59.1,62.1
Afghanistan,AFG,2030,60.31033333333329,59.1,62.1
Albania,ALB,2022,77.68165277777771,75.4,79.5
Albania,ALB,2023,77.52345198412695,75.4,79.22000000000001
Albania,ALB,2024,77.37849880952373,75.4,78.95166666666667
Albania,ALB,2025,77.19929346405226,75.4,78.7
Albania,ALB,2026,77.08461290849671,75.28999999999999,78.7
Albania,ALB,2027,76.70399068627448,74.9,78.5
Albania,ALB,2028,74.95189166666661,73.4,76.0
Albania,ALB,2029,74.82050277777769,73.1,76.0
Albania,ALB,2030,74.61001666666661,72.9,75.81
Algeria,DZA,2022,75.91649715099716,74.89,76.9
Algeria,DZA,2023,75.84085826210827,74.8,76.8
Algeria,DZA,2024,75.59605740740739,74.6,76.6
Algeria,DZA,2025,75.37107592592588,74.1,76.48615384615385
Algeria,DZA,2026,74.94344966329965,73.8,76.4
Algeria,DZA,2027,74.46623501220996,73.6,76.1
Algeria,DZA,2028,74.20227750860245,73.4,75.72000000000001
Algeria,DZA,2029,74.13655588023082,73.4,75.8
Algeria,DZA,2030,73.77977103082094,73.3,74.6
Andorra,AND,2022,71.56992222222243,70.8,72.4
Andorra,AND,2023,71.38058888888887,70.7,72.4
Andorra,AND,2024,71.38765555555553,70.7,72.4
Andorra,AND,2025,71.39832222222219,70.7,72.4
Andorra,AND,2026,71.40943333333331,70.7,72.4
Andorra,AND,2027,71.36243333333346,70.7,72.4
Andorra,AND,2028,71.35043333333346,70.68,72.4
Andorra,AND,2029,71.28776666666678,70.4,72.4
Andorra,AND,2030,71.26843333333343,70.4,72.4
Angola,AGO,2022,62.42056286549709,61.5,63.5
Angola,AGO,2023,62.40881286549712,61.5,63.5
Angola,AGO,2024,62.450888888888976,61.5,63.6
Angola,AGO,2025,62.39978902116414,60.99,64.2
Angola,AGO,2026,62.413648148148276,60.9,64.3
Angola,AGO,2027,62.42419515669523,60.2,64.3
Angola,AGO,2028,62.081228956229,60.0,64.3
Angola,AGO,2029,61.7193333333334,60.0,64.0
Angola,AGO,2030,61.590666666666706,60.0,64.01
Antigua and Barbuda,ATG,2022,78.18578954273204,77.2,79.0
Antigua and Barbuda,ATG,2023,78.2362530689719,76.99,79.4
Antigua and Barbuda,ATG,2024,78.50701372220759,77.2,79.8
Antigua and Barbuda,ATG,2025,78.70574169265186,77.77,80.0
Antigua and Barbuda,ATG,2026,79.16181100691252,77.89,80.5
Antigua and Barbuda,ATG,2027,79.18877083842084,77.8,80.6
Antigua and Barbuda,ATG,2028,79.2715476190476,77.8,80.6
Antigua and Barbuda,ATG,2029,79.27510714285708,77.8,81.0
Antigua and Barbuda,ATG,2030,79.28666269841261,77.8,81.1
Argentina,ARG,2022,75.60838866581948,74.9,76.105
Argentina,ARG,2023,75.59643874526647,74.8,76.1
Argentina,ARG,2024,75.5569530564455,74.69023809523809,75.92036363636365
Argentina,ARG,2025,75.46508112424027,74.56411764705882,75.9
Argentina,ARG,2026,75.15463866482841,74.13,75.9
Argentina,ARG,2027,75.14533930775274,74.1,75.9
Argentina,ARG,2028,75.15304978559665,74.28999999999999,75.9
Argentina,ARG,2029,74.96843642591332,74.2,75.6
Argentina,ARG,2030,74.80212426167564,73.99,75.5
Armenia,ARM,2022,73.56561752605164,72.3,74.9
Armenia,ARM,2023,73.44812576428343,72.3,74.8
Armenia,ARM,2024,73.02909352665694,71.85242424242425,74.54
Armenia,ARM,2025,72.78723759454593,71.6,74.2
Armenia,ARM,2026,72.72689554185892,71.36000000000001,73.7
Armenia,ARM,2027,72.50007375904856,71.1,73.7
Armenia,ARM,2028,72.3670826921601,70.6,73.7
Armenia,ARM,2029,72.09184451659452,70.08999999999999,73.6
Armenia,ARM,2030,71.06555555555553,69.1,72.0
Australia,AUS,2022,82.39043063973071,81.52000000000001,82.7
Australia,AUS,2023,82.38209730639736,81.52000000000001,82.7
Australia,AUS,2024,82.37651397306404,81.6,82.7
Australia,AUS,2025,82.37663518518524,81.6,82.7
Australia,AUS,2026,82.37589444444451,81.696,82.7
Australia,AUS,2027,82.3683944444445,81.7,82.7
Australia,AUS,2028,82.36956363636367,81.7,82.7
Australia,AUS,2029,82.38373030303035,81.9,82.7
Australia,AUS,2030,82.3868636363637,81.9,82.7
Austria,AUT,2022,81.64008682501726,81.3,82.2
Austria,AUT,2023,81.7153428590417,81.3,82.21000000000001
Austria,AUT,2024,81.71700952570836,81.3,82.21000000000001
Austria,AUT,2025,81.72137063681946,81.3,82.21000000000001
Austria,AUT,2026,81.9117774938513,81.38250000000001,82.7
Austria,AUT,2027,81.9748960604699,81.4,82.7
Austria,AUT,2028,81.97841121198505,81.4,82.7
Austria,AUT,2029,82.09263268583284,81.515,82.7
Austria,AUT,2030,82.14088182003198,81.7,82.70200000000001
Azerbaijan,AZE,2022,73.53188504512396,71.9,74.9
Azerbaijan,AZE,2023,73.61904452938673,72.1,75.3
Azerbaijan,AZE,2024,73.68206577344498,72.3,75.3
Azerbaijan,AZE,2025,73.47006521662314,72.27589743589745,74.8
Azerbaijan,AZE,2026,73.33969004506791,71.8642857142857,74.6
Azerbaijan,AZE,2027,73.1244386723819,71.5,74.52583333333334
Azerbaijan,AZE,2028,72.83666394070906,71.38000000000001,74.2
Azerbaijan,AZE,2029,72.65748240458059,71.4,73.7
Azerbaijan,AZE,2030,72.45790692395869,71.1,73.7
Bahamas,BHS,2022,70.83799999999992,70.1,71.6
Bahamas,BHS,2023,69.68631018518516,67.6,71.1
Bahamas,BHS,2024,68.11912962962953,66.4,70.6
Bahamas,BHS,2025,67.92046296296286,66.4,70.2
Bahamas,BHS,2026,67.54449999999987,66.3,68.8
Bahamas,BHS,2027,67.39783333333324,66.1,68.5
Bahamas,BHS,2028,67.3031666666666,66.1,68.4
Bahamas,BHS,2029,67.20816666666661,65.9,68.0
Bahamas,BHS,2030,67.08583333333327,65.9,68.0
Bahrain,BHR,2022,74.53914404761903,73.4,76.4
Bahrain,BHR,2023,74.53652182539682,73.4,76.4
Bahrain,BHR,2024,74.55252182539681,72.8,76.8
Bahrain,BHR,2025,74.25585515873011,72.4,76.8
Bahrain,BHR,2026,74.05499999999992,72.35000000000001,76.81
Bahrain,BHR,2027,74.01639999999995,71.9,76.8
Bahrain,BHR,2028,73.57706666666668,71.5,76.71000000000001
Bahrain,BHR,2029,73.45960000000002,71.48,76.7
Bahrain,BHR,2030,73.18448888888894,71.08999999999999,76.3
Bangladesh,BGD,2022,72.40186463337861,71.1,73.4
Bangladesh,BGD,2023,72.39878130004527,71.08999999999999,73.4
Bangladesh,BGD,2024,72.37518087269486,71.0,73.4
Bangladesh,BGD,2025,72.32938597129996,71.0,73.4
Bangladesh,BGD,2026,72.35486635280928,71.0,73.4
Bangladesh,BGD,2027,72.42501822871114,71.0,73.423
Bangladesh,BGD,2028,72.48032328628972,71.0,73.5
Bangladesh,BGD,2029,72.5617803986218,71.0,73.6
Bangladesh,BGD,2030,72.62392496377885,71.09666666666666,73.8
Barbados,BRB,2022,75.56963333333334,73.4,77.41000000000001
Barbados,BRB,2023,75.53971111111112,73.4,77.5
Barbados,BRB,2024,75.52944232804232,73.4,77.52000000000001
Barbados,BRB,2025,75.60558994708997,73.4,77.7
Barbados,BRB,2026,75.77239947089951,73.5,77.7
Barbados,BRB,2027,75.94937407407413,73.9,77.72000000000001
Barbados,BRB,2028,76.11791111111116,74.2,78.1
Barbados,BRB,2029,76.45324444444444,74.6,78.3
Barbados,BRB,2030,76.69199999999998,74.6,78.4
Belarus,BLR,2022,73.9858593986081,73.5,74.4
Belarus,BLR,2023,74.0068177319414,73.69916666666667,74.4
Belarus,BLR,2024,74.03184590654456,73.7,74.41000000000001
Belarus,BLR,2025,74.07730658687731,73.7,74.5
Belarus,BLR,2026,74.04172325354398,73.39500000000001,74.5
Belarus,BLR,2027,74.05203734685806,73.3,74.55071428571429
Belarus,BLR,2028,74.01831856378931,73.2,74.55071428571429
Belarus,BLR,2029,73.96241697648772,72.8225,74.50272727272727
Belarus,BLR,2030,73.95970777947555,72.7,74.6
Belgium,BEL,2022,81.79853566715937,81.29916666666666,82.5
Belgium,BEL,2023,82.03074060943935,81.5,82.7
Belgium,BEL,2024,82.17675660728166,81.7,82.7
Belgium,BEL,2025,82.2473232073482,81.7,82.8
Belgium,BEL,2026,82.28664707792203,81.7,82.8
Belgium,BEL,2027,82.2863137445887,81.7,82.8
Belgium,BEL,2028,82.30409152236646,81.7,82.8
Belgium,BEL,2029,82.31444152236645,81.7,82.8
Belgium,BEL,2030,82.31027485569979,81.718,82.8
Belize,BLZ,2022,72.69634089026923,71.39666666666668,73.8
Belize,BLZ,2023,72.70307700138032,71.39666666666668,73.8
Belize,BLZ,2024,72.70306311249144,71.36000000000001,73.8
Belize,BLZ,2025,72.69839644582477,71.36000000000001,73.8
Belize,BLZ,2026,72.71844274212108,71.3,73.8
Belize,BLZ,2027,72.70339671037505,71.36000000000001,73.84
Belize,BLZ,2028,72.65173004370837,71.3,73.8
Belize,BLZ,2029,72.6457300437084,71.3,73.8
Belize,BLZ,2030,72.59982907752479,71.2,73.9
Benin,BEN,2022,63.8666369047619,63.1,64.6
Benin,BEN,2023,64.14096031746028,63.3,64.82000000000001
Benin,BEN,2024,64.44479365079368,63.6,65.1
Benin,BEN,2025,64.78000000000011,63.9,65.5
Benin,BEN,2026,64.9493333333334,63.9,65.81
Benin,BEN,2027,65.22200000000004,64.5,66.01
Benin,BEN,2028,66.03066666666665,65.1,66.9
Benin,BEN,2029,66.24466666666662,65.3,67.2
Benin,BEN,2030,66.41333333333328,65.3,67.4
Bhutan,BTN,2022,73.57501354761797,71.7,75.0
Bhutan,BTN,2023,73.5420464841259,71.7,75.0
Bhutan,BTN,2024,73.53102931240873,71.7,75.0
Bhutan,BTN,2025,74.15684294452834,72.6,75.4
Bhutan,BTN,2026,74.1850690883192,72.8,75.435
Bhutan,BTN,2027,74.44400242165251,72.9,75.4
Bhutan,BTN,2028,76.41394077186439,74.9,77.92000000000002
Bhutan,BTN,2029,76.82257063492067,75.19200000000001,78.31
Bhutan,BTN,2030,76.98978809523813,75.2,78.6
"Bolivia, Plurinational State of",BOL,2022,65.81353140096621,64.7,67.41000000000001
"Bolivia, Plurinational State of",BOL,2023,65.48778140096621,64.5,67.4
"Bolivia, Plurinational State of",BOL,2024,63.65964251207735,59.5,66.7
"Bolivia, Plurinational State of",BOL,2025,62.14499999999999,59.2,65.01
"Bolivia, Plurinational State of",BOL,2026,61.123666666666665,59.2,63.79999999999999
"Bolivia, Plurinational State of",BOL,2027,60.70766666666666,58.6,63.7
"Bolivia, Plurinational State of",BOL,2028,59.42566666666676,57.1,62.8
"Bolivia, Plurinational State of",BOL,2029,58.003333333333394,56.8,60.1
"Bolivia, Plurinational State of",BOL,2030,57.539666666666704,56.1,59.5
Bosnia and Herzegovina,BIH,2022,76.87335771565041,76.08999999999999,78.0
Bosnia and Herzegovina,BIH,2023,76.85549206349208,75.58999999999999,78.1
Bosnia and Herzegovina,BIH,2024,76.72960317460318,75.6,78.1
Bosnia and Herzegovina,BIH,2025,76.6923194444445,75.6,78.1
Bosnia and Herzegovina,BIH,2026,76.66273611111116,75.52250000000001,78.1
Bosnia and Herzegovina,BIH,2027,76.63156944444451,75.5,78.1
Bosnia and Herzegovina,BIH,2028,76.54956944444449,75.49,78.1
Bosnia and Herzegovina,BIH,2029,76.50206150793655,75.3,78.1
Bosnia and Herzegovina,BIH,2030,76.34870039682544,74.9,77.9
Botswana,BWA,2022,61.21799999999999,60.1,62.8
Botswana,BWA,2023,61.266999999999996,60.1,62.8
Botswana,BWA,2024,61.560666666666656,60.5,63.02
Botswana,BWA,2025,61.586333333333336,60.5,63.3
Botswana,BWA,2026,61.604666666666674,60.5,63.3
Botswana,BWA,2027,61.63166666666668,60.5,63.3
Botswana,BWA,2028,61.64300000000001,60.5,63.3
Botswana,BWA,2029,61.68100000000001,60.5,63.5
Botswana,BWA,2030,61.83566666666668,60.6,64.0
Brazil,BRA,2022,72.74376712683458,71.8,73.7
Brazil,BRA,2023,72.66194251940284,71.8,73.6
Brazil,BRA,2024,72.72742941346644,71.8,73.7
Brazil,BRA,2025,72.5109786522301,71.4,73.6
Brazil,BRA,2026,72.19442008547009,70.9,73.5
Brazil,BRA,2027,71.36633333333336,70.2,72.0
Brazil,BRA,2028,71.12566666666667,70.1,71.9
Brazil,BRA,2029,70.86383333333332,70.1,71.6
Brazil,BRA,2030,70.80766666666665,70.1,71.5
Brunei Darussalam,BRN,2022,73.80399999999996,71.9,76.4
Brunei Darussalam,BRN,2023,75.77999999999999,72.4,78.41000000000001
Brunei Darussalam,BRN,2024,75.40366666666668,71.9,78.3
Brunei Darussalam,BRN,2025,75.69166666666666,71.9,78.5
Brunei Darussalam,BRN,2026,75.71794871794873,71.9,78.5
Brunei Darussalam,BRN,2027,75.5036153846154,71.88000000000001,78.5
Brunei Darussalam,BRN,2028,75.51794871794876,71.7,78.5
Brunei Darussalam,BRN,2029,75.2777820512821,71.5,78.3
Brunei Darussalam,BRN,2030,75.23611538461546,71.48,78.3
Bulgaria,BGR,2022,72.6366374475326,71.9,73.5
Bulgaria,BGR,2023,72.56800560992576,71.8,73.32000000000001
Bulgaria,BGR,2024,72.36939394527043,71.7,73.1
Bulgaria,BGR,2025,72.0986634920635,71.1,73.1
Bulgaria,BGR,2026,71.373,70.8,71.9
Bulgaria,BGR,2027,71.13449999999997,70.7,71.7
Bulgaria,BGR,2028,70.99466666666656,70.4,71.6
Bulgaria,BGR,2029,71.06766666666658,70.4,71.6
Bulgaria,BGR,2030,70.85599999999995,70.1,71.6
Burkina Faso,BFA,2022,62.209657142857175,61.6,63.1
Burkina Faso,BFA,2023,62.42957380952385,61.89666666666667,63.20000000000001
Burkina Faso,BFA,2024,62.82510714285715,62.0,63.8
Burkina Faso,BFA,2025,63.187060846560804,62.5,64.0
Burkina Faso,BFA,2026,63.42969493746996,62.70000000000001,64.0
Burkina Faso,BFA,2027,63.91395530303037,63.2,64.6
Burkina Faso,BFA,2028,64.54009960317468,63.7,65.2
Burkina Faso,BFA,2029,64.76438478835986,64.1,65.61
Burkina Faso,BFA,2030,65.1516952380953,64.3,65.90666666666668
Burundi,BDI,2022,65.09108347953223,64.1,66.11
Burundi,BDI,2023,65.43285708463084,64.2,66.7
Burundi,BDI,2024,65.58292851320225,64.2,66.91000000000001
Burundi,BDI,2025,65.73576184653557,64.2,67.1
Burundi,BDI,2026,66.10957328042326,64.8,67.1
Burundi,BDI,2027,66.20624589947087,65.0,67.1
Burundi,BDI,2028,66.39228478835972,65.1,67.8
Burundi,BDI,2029,66.53745145502636,65.1,67.8
Burundi,BDI,2030,66.65177169312163,65.38000000000001,67.8
Cabo Verde,CPV,2022,73.28747398259888,71.6,74.9
Cabo Verde,CPV,2023,73.33153007362115,71.6,74.9
Cabo Verde,CPV,2024,73.35326416236269,71.6,74.9
Cabo Verde,CPV,2025,73.51800586276805,71.79666666666667,74.9
Cabo Verde,CPV,2026,73.17383320460068,71.5,74.7
Cabo Verde,CPV,2027,73.11906289625404,71.5,74.7
Cabo Verde,CPV,2028,73.17901655576513,71.6,74.7
Cabo Verde,CPV,2029,73.068327390301,71.6,74.60166666666666
Cabo Verde,CPV,2030,73.00957104109466,71.79666666666667,74.6
Cambodia,KHM,2022,69.37420861200003,68.1,70.9
Cambodia,KHM,2023,69.7536501824666,68.1,71.7
Cambodia,KHM,2024,69.80079575473059,68.1,71.7
Cambodia,KHM,2025,70.03751056411473,68.4,71.7
Cambodia,KHM,2026,70.16795145458623,68.7,71.7
Cambodia,KHM,2027,70.49405676964153,69.0,72.0
Cambodia,KHM,2028,70.9364708608643,69.4,72.6
Cambodia,KHM,2029,71.35865128414474,69.8,72.7
Cambodia,KHM,2030,71.71252998784843,70.2,73.0
Cameroon,CMR,2022,62.68266666666666,62.0,63.4
Cameroon,CMR,2023,63.01380033670039,62.3,63.6
Cameroon,CMR,2024,63.551280892255974,62.6,64.3
Cameroon,CMR,2025,64.22484638047143,63.498,65.2
Cameroon,CMR,2026,64.93405666278171,64.1,65.9
Cameroon,CMR,2027,65.4980325887077,64.9,66.3
Cameroon,CMR,2028,65.99122703315199,65.2,67.0
Cameroon,CMR,2029,66.46649191919194,65.5,67.7
Cameroon,CMR,2030,67.83733333333339,66.3,69.3
Canada,CAN,2022,80.72036526836447,80.1,81.81
Canada,CAN,2023,80.69871275513695,80.0,81.9
Canada,CAN,2024,80.51850479041642,79.7,81.8
Canada,CAN,2025,80.38738728771222,79.6,81.8
Canada,CAN,2026,80.32723675861172,79.4,81.8
Canada,CAN,2027,80.22805545117646,79.2,81.8
Canada,CAN,2028,80.18197767339866,79.2,81.8
Canada,CAN,2029,80.16743971043567,79.2,81.8
Canada,CAN,2030,80.14458043345527,79.2,81.8
Central African Republic,CAF,2022,49.923563333333206,48.3,51.3
Central African Republic,CAF,2023,49.9285633333332,48.3,51.3
Central African Republic,CAF,2024,49.93189666666655,48.3,51.3
Central African Republic,CAF,2025,49.936563333333226,48.3,51.3
Central African Republic,CAF,2026,49.97048666666655,48.3,51.3
Central African Republic,CAF,2027,49.98815333333322,48.3,51.31
Central African Republic,CAF,2028,49.999819999999886,48.3,51.4
Central African Republic,CAF,2029,50.037153333333215,49.17,51.410000000000004
Central African Republic,CAF,2030,50.00448666666655,49.17,51.410000000000004
Chad,TCD,2022,59.11680812890815,58.69666666666667,59.906666666666666
Chad,TCD,2023,59.38931778499279,58.8,60.2
Chad,TCD,2024,59.697782123432155,59.0,60.5
Chad,TCD,2025,60.010626038776074,59.2,60.9
Chad,TCD,2026,60.12651083916087,59.3,60.9
Chad,TCD,2027,60.53243154160659,59.8,61.1
Chad,TCD,2028,60.82570321067824,60.2,61.4
Chad,TCD,2029,61.12929550264557,60.6,61.5
Chad,TCD,2030,61.32249037444041,60.6,62.0
Chile,CHL,2022,78.35014672919671,77.5,79.2
Chile,CHL,2023,78.37099559419073,77.5,79.205
Chile,CHL,2024,78.57164321323837,77.5,80.0
Chile,CHL,2025,78.29295749895263,77.3,79.6
Chile,CHL,2026,78.23209083228595,77.3,79.22000000000001
Chile,CHL,2027,78.15035892992908,77.2,79.1
Chile,CHL,2028,78.03536752781271,77.2,78.8
Chile,CHL,2029,77.97261197225716,77.1,78.8
Chile,CHL,2030,77.94202106316624,77.0,78.8
China,CHN,2022,77.6804638888889,76.7,78.5
China,CHN,2023,78.73019166666673,77.39,80.1
China,CHN,2024,78.91978888888893,77.89,80.2
China,CHN,2025,78.93809047619052,77.6,80.5
China,CHN,2026,79.06071111111119,77.58999999999999,80.91000000000001
China,CHN,2027,79.28180555555564,78.1,81.5
China,CHN,2028,79.29486111111117,78.1,81.2
China,CHN,2029,79.39941666666665,78.1,81.6
China,CHN,2030,79.41527007469652,78.1,81.6
Colombia,COL,2022,73.69189709647218,71.6,75.6
Colombia,COL,2023,73.55305350767236,71.38666666666667,75.6
Colombia,COL,2024,73.60204092100216,71.6,75.3
Colombia,COL,2025,73.62099817436733,71.99,75.3
Colombia,COL,2026,73.56157916028798,71.9,74.96749999999999
Colombia,COL,2027,73.36555984088353,71.8257142857143,74.6
Colombia,COL,2028,73.26034629880509,71.8,74.45357142857144
Colombia,COL,2029,73.00945974966399,71.8,74.0
Colombia,COL,2030,72.92901371791795,71.8,73.7
Comoros,COM,2022,68.85059722222229,67.2,70.41000000000001
Comoros,COM,2023,69.41133365800873,67.7,71.7
Comoros,COM,2024,69.43138365800873,67.7,71.7
Comoros,COM,2025,69.15320039682548,67.2,71.7
Comoros,COM,2026,68.14410880952393,66.28999999999999,69.81
Comoros,COM,2027,67.88383232950635,66.0,69.2
Comoros,COM,2028,67.90583232950632,66.08999999999999,69.2
Comoros,COM,2029,67.8250238095239,66.08999999999999,69.2
Comoros,COM,2030,67.65269047619053,66.0,69.2
Congo,COG,2022,62.8742333333333,62.2,63.6
Congo,COG,2023,62.950899999999976,62.49,63.910000000000004
Congo,COG,2024,63.13339999999995,62.6,64.01
Congo,COG,2025,63.29456666666664,62.6,64.7
Congo,COG,2026,63.56983333333332,62.6,64.91000000000001
Congo,COG,2027,63.62716666666672,62.6,64.8
Congo,COG,2028,63.89597777777783,62.8,65.1
Congo,COG,2029,64.20114103313844,62.8,65.4
Congo,COG,2030,64.50814103313847,63.2,65.71000000000001
"Congo, The Democratic Republic of the",COD,2022,62.01648849206353,61.7,62.3
"Congo, The Democratic Republic of the",COD,2023,62.383426587301656,62.0,63.085
"Congo, The Democratic Republic of the",COD,2024,63.02250638401559,62.5,63.6
"Congo, The Democratic Republic of the",COD,2025,63.29987525252533,63.0,63.650000000000006
"Congo, The Democratic Republic of the",COD,2026,63.85925422077922,63.2,64.3
"Congo, The Democratic Republic of the",COD,2027,64.21035648148158,63.5,65.0
"Congo, The Democratic Republic of the",COD,2028,64.59069074074084,63.7,65.21000000000001
"Congo, The Democratic Republic of the",COD,2029,65.180849928775,64.4,65.8
"Congo, The Democratic Republic of the",COD,2030,65.52912976190481,64.7,66.0
Cook Islands,COK,2022,71.68683611111129,70.8,72.51
Cook Islands,COK,2023,71.69558762626266,70.7,73.6
Cook Islands,COK,2024,71.70025429292933,70.7,73.7
Cook Islands,COK,2025,71.656920959596,70.7,73.7
Cook Islands,COK,2026,71.64225429292934,70.7,73.7
Cook Islands,COK,2027,71.50395058922567,70.5,73.61
Cook Islands,COK,2028,71.45029536944543,70.5,73.61
Cook Islands,COK,2029,71.36743644688644,70.42076923076922,73.6
Cook Islands,COK,2030,71.26726184371182,70.4,73.01
Costa Rica,CRI,2022,77.41984868464868,75.2,78.5
Costa Rica,CRI,2023,77.18478201798204,74.6,78.5
Costa Rica,CRI,2024,76.68549422142974,73.73333333333333,78.5
Costa Rica,CRI,2025,74.14237261393498,72.67361111111111,76.205
Costa Rica,CRI,2026,74.05146150282384,72.65499999999999,75.90666666666668
Costa Rica,CRI,2027,73.97568921030151,72.4,75.9
Costa Rica,CRI,2028,73.86814057403211,72.39,75.8
Costa Rica,CRI,2029,73.60577184866904,72.3,75.3
Costa Rica,CRI,2030,73.55692120382025,72.3,75.10739130434783
Croatia,HRV,2022,77.84054466374866,77.1,78.7
Croatia,HRV,2023,77.81320305154819,77.1,78.7
Croatia,HRV,2024,77.82300860710376,77.1,78.7
Croatia,HRV,2025,77.76136648949917,77.0,78.7
Croatia,HRV,2026,77.82493315616587,77.05346153846153,78.7
Croatia,HRV,2027,77.92288289161563,77.1,78.8
Croatia,HRV,2028,77.9848995582823,77.1860685483871,78.8
Croatia,HRV,2029,78.24141856060609,77.4,78.8
Croatia,HRV,2030,78.32525030663783,77.4,79.0
Cuba,CUB,2022,74.97842346515932,74.0,77.0
Cuba,CUB,2023,74.98445452910276,74.0,77.0
Cuba,CUB,2024,74.891840042747,73.9,77.0
Cuba,CUB,2025,74.70147439116278,73.7,77.0
Cuba,CUB,2026,73.85623504354741,72.6,74.91000000000001
Cuba,CUB,2027,73.608048693663,72.5,74.8
Cuba,CUB,2028,73.36142171185146,72.3,74.63633333333333
Cuba,CUB,2029,73.24823978262367,72.26923076923077,74.6
Cuba,CUB,2030,73.14634534329397,72.31428571428572,74.2775
Cyprus,CYP,2022,82.07826121841136,81.7,82.57
Cyprus,CYP,2023,82.08526121841138,81.7,82.5
Cyprus,CYP,2024,82.1203731953233,81.7,82.6
Cyprus,CYP,2025,82.10437319532332,81.7,82.6
Cyprus,CYP,2026,81.70821471768981,80.5,82.6
Cyprus,CYP,2027,81.60761143486154,80.3,82.5
Cyprus,CYP,2028,81.57194476819487,80.3,82.5
Cyprus,CYP,2029,81.5289031015282,80.3,82.5
Cyprus,CYP,2030,81.5126985560736,80.1,82.51
Czechia,CZE,2022,78.48069567075433,77.6,79.6
Czechia,CZE,2023,78.32455567765564,77.3,79.21000000000001
Czechia,CZE,2024,78.28308901098902,77.3,79.21000000000001
Czechia,CZE,2025,77.72444615384615,75.49,79.1
Czechia,CZE,2026,77.64359999999999,75.48,79.01
Czechia,CZE,2027,77.55466666666668,75.3,78.91000000000001
Czechia,CZE,2028,77.36500000000004,75.0,78.81
Czechia,CZE,2029,77.30200000000005,75.5,78.8
Czechia,CZE,2030,77.26466666666671,75.6,78.7
Côte d'Ivoire,CIV,2022,63.452393518518534,63.0,63.910000000000004
Côte d'Ivoire,CIV,2023,64.05465918803417,63.2,65.6
Côte d'Ivoire,CIV,2024,64.46482702020202,63.59875,65.6
Côte d'Ivoire,CIV,2025,65.08570568783065,64.1,65.9
Côte d'Ivoire,CIV,2026,65.48572895622888,64.58,66.02000000000001
Côte d'Ivoire,CIV,2027,65.72717340067338,64.8,66.4
Côte d'Ivoire,CIV,2028,66.41215117845108,65.5,67.71000000000001
Côte d'Ivoire,CIV,2029,67.23216666666661,66.0,68.3
Côte d'Ivoire,CIV,2030,67.90983333333337,67.2,68.8
Denmark,DNK,2022,82.19787051282067,81.6,82.7
Denmark,DNK,2023,82.2905587523588,81.78999999999999,82.8
Denmark,DNK,2024,82.33680875235876,81.8,82.8
Denmark,DNK,2025,82.38744016261516,81.8,82.8
Denmark,DNK,2026,82.3882734959485,81.8189090909091,82.8
Denmark,DNK,2027,82.38760682928184,81.9,82.8
Denmark,DNK,2028,82.36571794039293,81.9,82.8
Denmark,DNK,2029,82.35805127372626,81.8189090909091,82.8
Denmark,DNK,2030,81.89643293650795,80.3,82.8
Djibouti,DJI,2022,65.37236812169324,64.3,66.9
Djibouti,DJI,2023,65.55628179690692,64.3,67.0
Djibouti,DJI,2024,65.86192152754658,64.5,67.1
Djibouti,DJI,2025,66.26512986087991,64.7,67.7
Djibouti,DJI,2026,66.47896319421325,64.8,68.2
Djibouti,DJI,2027,66.58868184500687,65.0,67.83
Djibouti,DJI,2028,66.74119990657496,65.0,68.2
Djibouti,DJI,2029,66.80475546213053,65.0,68.2
Djibouti,DJI,2030,66.86383641451147,65.2,68.2
Dominica,DMA,2022,71.97514049523939,70.8,73.14029411764707
Dominica,DMA,2023,71.68806737821467,70.6,73.1
Dominica,DMA,2024,71.62562343882072,70.675,73.1
Dominica,DMA,2025,71.54522820072549,70.6,73.06350877192982
Dominica,DMA,2026,71.44056153405882,70.58999999999999,73.0
Dominica,DMA,2027,71.29437302997047,70.4,72.955
Dominica,DMA,2028,71.01555961430127,70.1,72.8
Dominica,DMA,2029,70.06522793075234,68.28999999999999,71.71000000000001
Dominica,DMA,2030,69.7823691344561,67.7,71.3
Dominican Republic,DOM,2022,73.65136454606132,73.0,74.504
Dominican Republic,DOM,2023,74.03789480302827,73.3,74.96305000000001
Dominican Republic,DOM,2024,74.31384405228071,73.63933333333333,75.1
Dominican Republic,DOM,2025,74.5365578466178,73.73,75.1
Dominican Republic,DOM,2026,74.70923830452689,73.9,75.4
Dominican Republic,DOM,2027,74.68419490548251,73.763125,75.6
Dominican Republic,DOM,2028,74.75016848765642,73.798125,75.8
Dominican Republic,DOM,2029,74.85257802393181,73.9,75.9
Dominican Republic,DOM,2030,74.83992654839209,73.8675,75.9
Ecuador,ECU,2022,73.45634896356015,71.9,75.1775
Ecuador,ECU,2023,73.35783576966502,71.78,74.63333333333333
Ecuador,ECU,2024,73.09969828431383,71.6,74.5
Ecuador,ECU,2025,72.86106753034554,71.3,73.8
Ecuador,ECU,2026,72.38829225514773,70.5,73.7
Ecuador,ECU,2027,72.20115482128523,70.3,73.6
Ecuador,ECU,2028,71.7184722222222,69.9675,73.1
Ecuador,ECU,2029,70.89091666666673,69.7,71.9
Ecuador,ECU,2030,70.61325000000005,69.7,71.7
Egypt,EGY,2022,71.46732129629628,70.0,73.7
Egypt,EGY,2023,71.61826944444448,70.0,73.7
Egypt,EGY,2024,71.81110343137257,70.0,73.7
Egypt,EGY,2025,71.90607843137259,70.1,73.7
Egypt,EGY,2026,72.15646297243536,70.4,73.7
Egypt,EGY,2027,72.2248045150502,70.4,73.7
Egypt,EGY,2028,72.21304352869353,70.6,73.7
Egypt,EGY,2029,72.21971019536016,70.6,73.7
Egypt,EGY,2030,72.21119908424909,70.6,73.6
El Salvador,SLV,2022,70.561,69.55,71.6
El Salvador,SLV,2023,70.50099999999999,69.1,71.6
El Salvador,SLV,2024,70.43033333333335,69.08999999999999,71.6
El Salvador,SLV,2025,70.41733333333335,69.0,71.6
El Salvador,SLV,2026,70.38133333333337,69.0,71.6
El Salvador,SLV,2027,70.01466666666664,68.5,71.3
El Salvador,SLV,2028,69.8219999999999,68.78999999999999,70.9
El Salvador,SLV,2029,69.64999999999985,68.7,70.6
El Salvador,SLV,2030,69.61166666666651,68.7,70.6
Equatorial Guinea,GNQ,2022,61.32189091371594,60.6,62.3
Equatorial Guinea,GNQ,2023,61.36579369149371,60.4,62.3
Equatorial Guinea,GNQ,2024,61.36590655270656,60.3,62.6
Equatorial Guinea,GNQ,2025,61.19725734635732,60.3,62.3
Equatorial Guinea,GNQ,2026,61.17400186295185,60.3,62.0
Equatorial Guinea,GNQ,2027,61.438980169830174,60.8,62.0
Equatorial Guinea,GNQ,2028,61.43647000972882,60.8,61.9
Equatorial Guinea,GNQ,2029,61.78078513071901,60.9,62.6
Equatorial Guinea,GNQ,2030,62.77887500000002,61.7,64.0
Eritrea,ERI,2022,63.773098376623444,62.9,65.0
Eritrea,ERI,2023,64.05366504329007,62.945,65.1
Eritrea,ERI,2024,64.40320902255642,63.190000000000005,65.3
Eritrea,ERI,2025,64.69079764689505,63.2,65.4
Eritrea,ERI,2026,64.73065320245061,63.2,65.4
Eritrea,ERI,2027,64.76981986911728,63.2,65.4
Eritrea,ERI,2028,64.79648653578397,63.2,65.4
Eritrea,ERI,2029,64.80846113895858,63.2,65.4
Eritrea,ERI,2030,64.87540505430249,63.2,65.4
Estonia,EST,2022,77.41592683150193,76.4,78.2
Estonia,EST,2023,77.45741849816858,76.4,78.2
Estonia,EST,2024,77.53702960927971,76.49,78.2
Estonia,EST,2025,77.6300296092797,76.5,78.52000000000001
Estonia,EST,2026,78.00816955266968,76.8,79.0
Estonia,EST,2027,78.08639682539696,76.99,79.0
Estonia,EST,2028,78.16217460317475,77.1,79.09357142857142
Estonia,EST,2029,78.17142063492078,77.1,79.1
Estonia,EST,2030,78.22403968253981,77.19,79.2
Eswatini,SWZ,2022,54.57299999999984,52.9,57.1
Eswatini,SWZ,2023,55.86899999999993,53.8,59.1
Eswatini,SWZ,2024,56.350999999999985,54.7,59.1
Eswatini,SWZ,2025,56.58733333333331,54.7,59.1
Eswatini,SWZ,2026,57.28600000000006,55.9,59.1
Eswatini,SWZ,2027,57.41433333333339,55.9,59.1
Eswatini,SWZ,2028,57.75333333333341,56.8,59.5
Eswatini,SWZ,2029,58.06733333333341,56.8,59.73000000000001
Eswatini,SWZ,2030,59.18900000000005,57.1,62.1
Ethiopia,ETH,2022,67.66063888888901,67.2,68.11
Ethiopia,ETH,2023,67.96300000000004,67.2,69.31
Ethiopia,ETH,2024,68.17233333333343,67.4,69.4
Ethiopia,ETH,2025,68.4610611111112,67.8,69.2
Ethiopia,ETH,2026,68.49032777777786,68.1,69.2
Ethiopia,ETH,2027,68.52566111111122,68.1,69.2
Ethiopia,ETH,2028,68.54816111111123,68.1,69.265
Ethiopia,ETH,2029,68.56759166666683,68.1,69.2
Ethiopia,ETH,2030,68.57498055555571,68.1,69.20166666666667
Fiji,FJI,2022,65.489136955637,65.0,66.2
Fiji,FJI,2023,65.42647028897032,64.9,65.91000000000001
Fiji,FJI,2024,65.14256286496999,64.8,65.4
Fiji,FJI,2025,64.97414263889975,64.7,65.33769230769231
Fiji,FJI,2026,64.72450684500677,64.2,65.3
Fiji,FJI,2027,64.46768806193806,64.06,65.3
Fiji,FJI,2028,64.15506962759456,63.6,65.1
Fiji,FJI,2029,63.56713888888885,60.2,64.8
Fiji,FJI,2030,63.26372222222223,60.2,64.7
Finland,FIN,2022,81.08185962093462,80.6,81.51
Finland,FIN,2023,81.07930406537908,80.6,81.6
Finland,FIN,2024,81.14536221833723,80.8,81.8
Finland,FIN,2025,81.25467432752436,80.86666666666667,81.9
Finland,FIN,2026,81.2510076608577,80.86666666666667,81.9
Finland,FIN,2027,81.24480210530216,80.8795,81.9
Finland,FIN,2028,81.55121394901394,80.95476190476192,82.2
Finland,FIN,2029,81.55387982202981,80.97,82.3
Finland,FIN,2030,81.57253934583932,81.0,82.3
France,FRA,2022,81.6974111111113,80.7,82.2
France,FRA,2023,81.62260000000016,80.7,82.2
France,FRA,2024,81.54232777777794,80.5,82.2
France,FRA,2025,81.40021666666678,80.5,82.3
France,FRA,2026,81.3942166666668,80.5,82.3
France,FRA,2027,81.38421666666677,80.5,82.4
France,FRA,2028,81.41166111111119,80.48,82.6
France,FRA,2029,81.39632777777784,80.3,82.6
France,FRA,2030,81.37258333333334,79.4,82.79999999999998
Gabon,GAB,2022,66.03421212121211,64.5,67.1
Gabon,GAB,2023,66.0688888888889,64.5,67.1
Gabon,GAB,2024,66.17138888888891,64.5,67.1
Gabon,GAB,2025,66.22667460317463,64.5,67.1
Gabon,GAB,2026,66.26938293650797,64.5,67.1
Gabon,GAB,2027,66.31337500000001,64.5,67.3
Gabon,GAB,2028,66.5504956709956,65.4,67.6
Gabon,GAB,2029,66.70751111111105,65.7,68.02000000000001
Gabon,GAB,2030,66.79644040404035,65.8,68.4
Gambia,GMB,2022,64.11128775853778,62.9,65.2
Gambia,GMB,2023,64.08266275853778,62.9,65.1
Gambia,GMB,2024,64.19832504810005,63.17,65.3
Gambia,GMB,2025,64.30436023328524,63.2,65.41000000000001
Gambia,GMB,2026,64.3474460918711,63.2,65.51
Gambia,GMB,2027,64.54805648148152,63.2,65.72125000000001
Gambia,GMB,2028,64.77412500000001,63.2,65.8
Gambia,GMB,2029,64.76873611111117,62.9,65.7
Gambia,GMB,2030,64.68347420634926,62.47,65.7
Georgia,GEO,2022,72.68842329422708,71.3,73.8
Georgia,GEO,2023,72.69948996089376,71.3,73.8
Georgia,GEO,2024,72.81241920182015,71.57666666666667,73.8
Georgia,GEO,2025,72.9903489637249,71.8,73.8
Georgia,GEO,2026,72.99283710186302,71.8,73.8
Georgia,GEO,2027,72.9979822557832,71.89,73.8
Georgia,GEO,2028,73.04218066848165,71.99,73.8
Georgia,GEO,2029,73.04747233514831,71.99,73.8
Georgia,GEO,2030,73.05362333229931,72.0,73.8
Germany,DEU,2022,81.10533680370193,80.7,82.11
Germany,DEU,2023,81.12356894655908,80.7,82.2
Germany,DEU,2024,81.2977466931217,80.7,82.3
Germany,DEU,2025,81.3520355820106,80.7,82.31
Germany,DEU,2026,81.3911540885041,80.7,82.4
Germany,DEU,2027,81.39297631072633,80.7,82.4
Germany,DEU,2028,81.46308186628185,80.7,82.4
Germany,DEU,2029,81.65495329670328,80.8,82.6
Germany,DEU,2030,81.65170329670326,80.8,82.6
Ghana,GHA,2022,65.80843313492065,64.8,67.0
Ghana,GHA,2023,65.84575535714285,64.8,67.0
Ghana,GHA,2024,66.01861646825397,64.8,67.115625
Ghana,GHA,2025,66.33562757936507,64.8,67.7
Ghana,GHA,2026,66.53948869047618,65.1,67.7
Ghana,GHA,2027,66.67067916666669,65.1,67.8
Ghana,GHA,2028,67.08371177248681,66.19,68.4
Ghana,GHA,2029,68.01296825396828,66.7,69.46142857142857
Ghana,GHA,2030,69.10725844155846,67.2,71.61
Greece,GRC,2022,80.06578259927724,79.4,80.5
Greece,GRC,2023,80.06768908075873,79.4,80.5
Greece,GRC,2024,80.04715389557354,79.4,80.5
Greece,GRC,2025,80.07216038908004,79.4,80.5
Greece,GRC,2026,79.98556131854268,79.4,80.5
Greece,GRC,2027,79.9768252916066,79.4,80.51
Greece,GRC,2028,79.94386232864362,79.3,80.5
Greece,GRC,2029,79.92246064514192,79.2,80.5
Greece,GRC,2030,80.0060115915811,79.2,80.9
Grenada,GRD,2022,72.7933336536422,70.9,74.85776785714286
Grenada,GRD,2023,73.46896229912136,70.9,75.1
Grenada,GRD,2024,73.83583930342307,70.99,75.8
Grenada,GRD,2025,74.2945329188703,71.0,76.0
Grenada,GRD,2026,74.35435105869543,71.08999999999999,76.0
Grenada,GRD,2027,74.52633164589577,71.28,76.1
Grenada,GRD,2028,74.5433106610255,71.28,76.11
Grenada,GRD,2029,74.60112432799225,71.3,76.2
Grenada,GRD,2030,74.64504317330814,71.28,76.2
Guatemala,GTM,2022,67.89899999999999,66.6,69.0
Guatemala,GTM,2023,67.40377142857139,66.4,68.4
Guatemala,GTM,2024,67.28310476190471,66.4,68.4
Guatemala,GTM,2025,67.24391587301585,66.59714285714286,68.0
Guatemala,GTM,2026,67.33571216931217,66.69,68.0
Guatemala,GTM,2027,67.3574899470899,66.56428571428572,68.0
Guatemala,GTM,2028,67.18482328042327,65.99,68.0
Guatemala,GTM,2029,67.00783439153439,65.7,67.9
Guatemala,GTM,2030,66.92650105820105,65.68,67.8
Guinea,GIN,2022,61.43865151515158,60.79999999999999,62.1
Guinea,GIN,2023,61.80133333333335,61.1,62.2
Guinea,GIN,2024,61.924472222222235,61.4,62.4
Guinea,GIN,2025,62.083681216931254,61.5,62.74000000000001
Guinea,GIN,2026,62.37183333333338,61.6,63.3
Guinea,GIN,2027,62.942500000000045,62.0,64.1
Guinea,GIN,2028,63.34508333333336,62.4,64.2
Guinea,GIN,2029,63.76937500000006,62.9,64.4
Guinea,GIN,2030,63.918708333333406,63.1,64.6
Guinea-Bissau,GNB,2022,58.08281640211649,57.5,58.7
Guinea-Bissau,GNB,2023,58.49313888888901,57.8,59.4
Guinea-Bissau,GNB,2024,58.79138095238107,57.9,59.6
Guinea-Bissau,GNB,2025,58.9260476190477,57.9,60.1
Guinea-Bissau,GNB,2026,59.06700000000007,57.9,60.5
Guinea-Bissau,GNB,2027,59.28722222222226,58.09,60.620000000000005
Guinea-Bissau,GNB,2028,60.16166666666667,59.2,61.3
Guinea-Bissau,GNB,2029,60.326,59.2,61.4
Guinea-Bissau,GNB,2030,60.285333333333305,59.2,61.31
Guyana,GUY,2022,65.4979873294346,64.98708333333333,66.2
Guyana,GUY,2023,65.45185399610128,64.8,66.2
Guyana,GUY,2024,65.54588981481476,64.73,66.6
Guyana,GUY,2025,65.74549999999996,64.8,67.1
Guyana,GUY,2026,66.3873333333333,64.9,67.4
Guyana,GUY,2027,66.38922222222216,64.9,67.4
Guyana,GUY,2028,66.40688888888886,64.9,67.5
Guyana,GUY,2029,66.18833333333332,64.7,67.4
Guyana,GUY,2030,66.09766666666665,64.7,67.4
Haiti,HTI,2022,62.59993253968264,61.5,64.2
Haiti,HTI,2023,62.83443783068792,61.7,64.355
Haiti,HTI,2024,62.92802116402123,61.7,64.41000000000001
Haiti,HTI,2025,63.06535449735456,61.9,64.7
Haiti,HTI,2026,63.13456228956232,61.70000000000001,64.7
Haiti,HTI,2027,63.283187289562264,61.70000000000001,64.7
Haiti,HTI,2028,63.54554840067333,62.06,64.71000000000001
Haiti,HTI,2029,63.31618728956224,60.2,64.7
Haiti,HTI,2030,63.4113539562289,60.2,65.0
Honduras,HND,2022,70.49566666666672,69.0,71.7
Honduras,HND,2023,70.47966666666669,69.0,71.61
Honduras,HND,2024,70.40533333333335,69.0,71.6
Honduras,HND,2025,70.21066666666671,69.0,71.5
Honduras,HND,2026,70.21633333333338,69.0,71.3
Honduras,HND,2027,70.26066666666672,69.0,71.5
Honduras,HND,2028,70.29033333333336,69.0,71.32000000000001
Honduras,HND,2029,70.38000000000005,69.0,71.5
Honduras,HND,2030,70.35200000000007,69.0,71.5
Hungary,HUN,2022,75.51158596191888,74.6,76.3
Hungary,HUN,2023,75.52923381138126,74.6,76.3
Hungary,HUN,2024,75.53982428757175,74.6,76.3
Hungary,HUN,2025,75.48960206534952,74.58999999999999,76.3
Hungary,HUN,2026,75.4897020653495,74.5,76.3
Hungary,HUN,2027,75.47403539868284,74.5,76.3
Hungary,HUN,2028,75.43248902187123,74.5,76.3
Hungary,HUN,2029,75.41568902187124,74.5,76.3
Hungary,HUN,2030,75.4044162945985,74.5,76.3
Iceland,ISL,2022,82.05147435064927,81.5,82.3
Iceland,ISL,2023,82.0438076839826,81.5,82.3
Iceland,ISL,2024,82.05826601731596,81.5,82.3
Iceland,ISL,2025,82.05822898027893,81.5,82.3
Iceland,ISL,2026,81.87990732323226,81.3,82.3
Iceland,ISL,2027,81.88269621212116,81.3,82.3
Iceland,ISL,2028,81.8840295454545,81.3,82.3
Iceland,ISL,2029,81.86058510101006,81.3,82.3
Iceland,ISL,2030,81.9326684343435,81.3,82.4
India,IND,2022,66.28015661375663,65.1,67.8
India,IND,2023,66.18404550264553,65.1,67.7
India,IND,2024,66.51721058201058,65.1,68.4
India,IND,2025,66.76180952380953,65.2,68.5
India,IND,2026,66.78499999999997,65.2,68.5
India,IND,2027,66.95933333333335,65.19,68.4
India,IND,2028,66.99366666666668,65.19,68.5
India,IND,2029,67.36733333333335,65.2,68.8
India,IND,2030,68.02166666666666,66.5,68.8
Indonesia,IDN,2022,69.48457142857147,67.1,71.0
Indonesia,IDN,2023,69.06233333333334,67.1,71.0
Indonesia,IDN,2024,69.08900000000007,67.1,71.0
Indonesia,IDN,2025,69.20033333333335,67.39,71.0
Indonesia,IDN,2026,69.40700000000005,67.5,71.0
Indonesia,IDN,2027,68.31700000000004,65.7,70.22000000000001
Indonesia,IDN,2028,67.47700000000002,65.2,69.8
Indonesia,IDN,2029,67.08666666666669,65.2,69.5
Indonesia,IDN,2030,66.98433333333332,65.19,68.8
"Iran, Islamic Republic of",IRN,2022,73.53842514439522,72.4,74.52636363636364
"Iran, Islamic Republic of",IRN,2023,73.40495829938237,71.49,74.50181818181818
"Iran, Islamic Republic of",IRN,2024,73.11712231632075,71.1,74.435
"Iran, Islamic Republic of",IRN,2025,73.06811776301676,71.1,74.42583333333333
"Iran, Islamic Republic of",IRN,2026,72.94646108207824,71.1,74.4
"Iran, Islamic Republic of",IRN,2027,72.60030926261639,70.8,74.48532075471697
"Iran, Islamic Republic of",IRN,2028,72.60764149704865,70.78999999999999,74.504
"Iran, Islamic Republic of",IRN,2029,72.62288191679495,70.8,74.57749999999999
"Iran, Islamic Republic of",IRN,2030,72.72535187735099,71.0,74.4
Iraq,IRQ,2022,72.23058648367662,71.1,73.9
Iraq,IRQ,2023,72.46610365121066,71.1,74.04494680851063
Iraq,IRQ,2024,72.61665657434062,71.2,74.2
Iraq,IRQ,2025,73.1549778401455,71.6,74.81
Iraq,IRQ,2026,73.2894091519927,71.9,74.91000000000001
Iraq,IRQ,2027,75.80211477411481,73.2,78.5
Iraq,IRQ,2028,76.38191755189254,73.6,78.5
Iraq,IRQ,2029,76.8422053946054,74.08999999999999,78.5
Iraq,IRQ,2030,77.09398950956442,76.2,78.31
Ireland,IRL,2022,81.84890462962962,81.4,82.3
Ireland,IRL,2023,82.02144711677214,81.5,82.4
Ireland,IRL,2024,82.03272489454992,81.5,82.4
Ireland,IRL,2025,82.0731177516927,81.6,82.4
Ireland,IRL,2026,82.10832052947049,81.7,82.4
Ireland,IRL,2027,82.12279338624336,81.7,82.4
Ireland,IRL,2028,82.16537857142849,81.7,82.5
Ireland,IRL,2029,82.16604523809514,81.75399999999999,82.5
Ireland,IRL,2030,82.17271190476183,81.75399999999999,82.6
Israel,ISR,2022,82.2393399766902,81.77374999999999,82.6
Israel,ISR,2023,82.25876590261608,81.8,82.628
Israel,ISR,2024,82.25959923594941,81.8,82.628
Israel,ISR,2025,82.27234923594938,81.8,82.7
Israel,ISR,2026,82.29149981869993,81.8,82.8
Israel,ISR,2027,82.3505614141415,81.8,82.8
Israel,ISR,2028,82.35011696969704,81.8,82.8
Israel,ISR,2029,82.35811696969704,81.8,82.8
Israel,ISR,2030,82.36045030303038,81.8,82.8
Italy,ITA,2022,82.49532182539686,82.2,82.8
Italy,ITA,2023,82.49198849206353,82.2,82.8
Italy,ITA,2024,82.50269141414145,82.2,82.8
Italy,ITA,2025,82.27696388888894,81.7,82.79999999999998
Italy,ITA,2026,82.27063055555561,81.7,82.70200000000001
Italy,ITA,2027,82.26682222222229,81.7,82.7
Italy,ITA,2028,82.27420165945173,81.718,82.7
Italy,ITA,2029,82.2662572150073,81.7429090909091,82.7
Italy,ITA,2030,82.26525721500731,81.7429090909091,82.7
Jamaica,JAM,2022,72.6214998051812,71.1,74.0
Jamaica,JAM,2023,72.3796184020675,70.6,74.0
Jamaica,JAM,2024,72.09270847542011,70.592,73.7
Jamaica,JAM,2025,71.74181191188019,70.45373626373627,73.7
Jamaica,JAM,2026,71.28504385519675,70.2,73.6
Jamaica,JAM,2027,71.15031261380595,70.2,73.0
Jamaica,JAM,2028,71.35607011809061,70.2,73.0
Jamaica,JAM,2029,71.34121081073128,70.1,73.0
Jamaica,JAM,2030,71.26457781938862,70.1,72.86874999999999
Japan,JPN,2022,82.76566666666632,82.7,82.8
Japan,JPN,2023,82.76499999999965,82.7,82.8
Japan,JPN,2024,82.76433333333298,82.7,82.8
Japan,JPN,2025,82.76533333333299,82.7,82.8
Japan,JPN,2026,82.76766666666632,82.7,82.8
Japan,JPN,2027,82.76799999999966,82.7,82.8
Japan,JPN,2028,82.76799999999966,82.7,82.8
Japan,JPN,2029,82.76799999999966,82.7,82.8
Japan,JPN,2030,82.76899999999964,82.7,82.8
Jordan,JOR,2022,77.14899058441556,76.19,78.5
Jordan,JOR,2023,76.75605119047623,74.0,78.5
Jordan,JOR,2024,76.78400952380944,74.0,78.5
Jordan,JOR,2025,76.11848571428573,73.5,78.5
Jordan,JOR,2026,75.76389444444445,73.4,78.5
Jordan,JOR,2027,75.26030143097647,72.9,78.5
Jordan,JOR,2028,73.80510736063931,72.4,75.6
Jordan,JOR,2029,73.7702652310097,72.39,75.5
Jordan,JOR,2030,73.7128891626336,72.28,75.3
Kazakhstan,KAZ,2022,72.30621899159766,71.5,72.88763888888889
Kazakhstan,KAZ,2023,72.3200831929426,71.5,72.87076388888889
Kazakhstan,KAZ,2024,72.29057209564802,71.7,72.8
Kazakhstan,KAZ,2025,72.23567457881302,71.5,72.73333333333332
Kazakhstan,KAZ,2026,72.11730886613391,71.4,72.7
Kazakhstan,KAZ,2027,72.08188588633594,71.4,72.70142857142858
Kazakhstan,KAZ,2028,72.07721921966926,71.4,72.71467532467533
Kazakhstan,KAZ,2029,71.63725303030304,71.0,72.5
Kazakhstan,KAZ,2030,71.56075000000001,70.9,72.11
Kenya,KEN,2022,68.2918020774977,67.2,69.46083333333334
Kenya,KEN,2023,68.88703224199645,68.4,69.8
Kenya,KEN,2024,69.42542125208766,68.4,70.1
Kenya,KEN,2025,70.49352831414618,69.3,71.9
Kenya,KEN,2026,71.31585175736969,70.2,72.81
Kenya,KEN,2027,71.59165792114055,70.8,72.8
Kenya,KEN,2028,72.60419820275047,71.595,73.4
Kenya,KEN,2029,73.46400731120721,72.5,74.3
Kenya,KEN,2030,74.6572833333332,73.49,75.71000000000001
Kiribati,KIR,2022,61.244898153806936,60.4,61.8
Kiribati,KIR,2023,61.25289815380697,60.4,61.8
Kiribati,KIR,2024,61.13141330532213,60.1,61.8
Kiribati,KIR,2025,60.84012163865548,59.38,61.9
Kiribati,KIR,2026,60.82916925770311,59.20000000000001,61.910000000000004
Kiribati,KIR,2027,60.65135457516344,59.07,62.0
Kiribati,KIR,2028,60.625854575163395,58.7,62.1
Kiribati,KIR,2029,60.837410130718936,59.2,62.79999999999999
Kiribati,KIR,2030,61.09541013071891,59.49,62.8
"Korea, Democratic People's Republic of",PRK,2022,72.5884326266115,71.4,74.5
"Korea, Democratic People's Republic of",PRK,2023,72.73468244904097,71.4,74.5
"Korea, Democratic People's Republic of",PRK,2024,72.73213336479188,71.466,74.5
"Korea, Democratic People's Republic of",PRK,2025,72.79916114256964,71.5,75.1
"Korea, Democratic People's Republic of",PRK,2026,72.74999606320459,71.5,75.1
"Korea, Democratic People's Republic of",PRK,2027,72.6625559814345,71.5,75.1
"Korea, Democratic People's Republic of",PRK,2028,72.56888058460908,71.5,73.91000000000001
"Korea, Democratic People's Republic of",PRK,2029,72.55869768333004,71.5,73.9
"Korea, Democratic People's Republic of",PRK,2030,72.84960585690305,71.8,74.14
"Korea, Republic of",KOR,2022,82.65446444444422,82.4,82.8
"Korea, Republic of",KOR,2023,82.71051999999972,82.5,82.8
"Korea, Republic of",KOR,2024,82.70373333333306,82.4,82.8
"Korea, Republic of",KOR,2025,82.69773333333309,82.4,82.8
"Korea, Republic of",KOR,2026,82.69552499999975,82.4,82.8
"Korea, Republic of",KOR,2027,82.69519166666642,82.4,82.8
"Korea, Republic of",KOR,2028,82.6433999999998,82.2,82.8
"Korea, Republic of",KOR,2029,82.64439999999982,82.2,82.8
"Korea, Republic of",KOR,2030,82.64506666666648,82.2,82.8
Kuwait,KWT,2022,79.27589365079363,78.1,80.5
Kuwait,KWT,2023,79.16196569666718,78.38000000000001,80.5
Kuwait,KWT,2024,78.83794757497407,78.2,80.2
Kuwait,KWT,2025,78.49960023223534,77.5,79.6
Kuwait,KWT,2026,78.21807264778272,77.0,79.41000000000001
Kuwait,KWT,2027,78.07316944640321,76.8,79.4
Kuwait,KWT,2028,77.80215500610497,76.4,79.0
Kuwait,KWT,2029,77.6438311965811,76.4,78.8
Kuwait,KWT,2030,77.71588383838377,76.69,78.8
Kyrgyzstan,KGZ,2022,72.93021467637818,71.3,74.8
Kyrgyzstan,KGZ,2023,72.90887605203957,71.3,74.8
Kyrgyzstan,KGZ,2024,72.99945196594048,71.3,74.8
Kyrgyzstan,KGZ,2025,72.976925606298,71.6,74.64999999999999
Kyrgyzstan,KGZ,2026,72.98972425949664,71.3,74.65499999999999
Kyrgyzstan,KGZ,2027,72.96754181183157,71.3,74.60499999999999
Kyrgyzstan,KGZ,2028,72.96860953669932,71.6,74.6
Kyrgyzstan,KGZ,2029,72.94544815820854,71.1,74.20133333333334
Kyrgyzstan,KGZ,2030,72.93602789677065,71.1,74.2
Lao People's Democratic Republic,LAO,2022,69.9549764790765,68.4,72.01
Lao People's Democratic Republic,LAO,2023,70.25134709654144,68.6,72.3
Lao People's Democratic Republic,LAO,2024,70.40247376320814,68.89,72.4
Lao People's Democratic Republic,LAO,2025,70.5401612800432,69.1,72.6
Lao People's Democratic Republic,LAO,2026,70.80409889428078,69.2,72.4
Lao People's Democratic Republic,LAO,2027,71.06247696065886,69.44909090909093,72.6
Lao People's Democratic Republic,LAO,2028,71.28025056575748,69.6,73.0
Lao People's Democratic Republic,LAO,2029,71.64118441558442,70.1,73.4
Lao People's Democratic Republic,LAO,2030,71.90272672148834,70.515,73.5
Latvia,LVA,2022,73.22054838958788,71.4,74.1
Latvia,LVA,2023,73.16504375995824,71.4,74.1
Latvia,LVA,2024,73.02591379825321,71.67,74.1
Latvia,LVA,2025,73.02596935380876,72.0,74.1
Latvia,LVA,2026,72.93355806748056,72.0,73.8
Latvia,LVA,2027,72.93184775002025,72.0,73.8
Latvia,LVA,2028,72.91233865911117,72.0,73.8
Latvia,LVA,2029,72.82229159849203,71.66,73.8
Latvia,LVA,2030,72.47346082363828,70.4,73.8
Lebanon,LBN,2022,75.85838516113526,72.78999999999999,78.5
Lebanon,LBN,2023,73.66481507374417,72.1,75.6
Lebanon,LBN,2024,73.55624522203566,72.1,75.6
Lebanon,LBN,2025,73.32575764414001,71.79333333333334,75.1
Lebanon,LBN,2026,73.14707317850244,71.65086956521739,74.6
Lebanon,LBN,2027,73.17502752452569,71.7,74.7
Lebanon,LBN,2028,72.853584000375,71.2,74.4
Lebanon,LBN,2029,72.80095983320292,71.0,74.5
Lebanon,LBN,2030,72.72812912619067,70.8,74.54200000000002
Lesotho,LSO,2022,51.00641000000006,49.1,52.1
Lesotho,LSO,2023,51.19900000000005,49.9,52.1
Lesotho,LSO,2024,51.457666666666704,49.9,52.8
Lesotho,LSO,2025,51.896,50.3,53.8
Lesotho,LSO,2026,52.312333333333314,50.3,53.8
Lesotho,LSO,2027,52.35599999999999,50.3,53.8
Lesotho,LSO,2028,52.60033333333327,50.57,53.9
Lesotho,LSO,2029,52.89633333333324,50.9,54.9
Lesotho,LSO,2030,54.228409999999904,51.1,56.92
Liberia,LBR,2022,63.20070833333336,62.59,63.9
Liberia,LBR,2023,63.75037499999995,63.1,64.61
Liberia,LBR,2024,64.24813257575755,63.6,65.2
Liberia,LBR,2025,64.82400000000003,64.0,65.6
Liberia,LBR,2026,66.15104166666661,65.3,67.1
Liberia,LBR,2027,66.63170833333335,65.3,67.6
Liberia,LBR,2028,67.41799999999996,66.58,68.3
Liberia,LBR,2029,67.6907777777778,66.7,68.5
Liberia,LBR,2030,68.14038888888888,67.5,68.7
Libya,LBY,2022,72.70376080525189,72.19,73.21002564102565
Libya,LBY,2023,72.7078608052519,72.08999999999999,73.31833333333334
Libya,LBY,2024,72.76588798779157,72.1,73.81
Libya,LBY,2025,72.80733798779158,72.27350000000001,73.9
Libya,LBY,2026,72.89396073247846,72.39947368421053,74.0
Libya,LBY,2027,72.96771144081758,72.4,74.2
Libya,LBY,2028,72.96734391945007,72.4,74.2
Libya,LBY,2029,72.98703836389453,72.4,74.2
Libya,LBY,2030,73.0335640182711,72.4,74.2
Lithuania,LTU,2022,74.44846844221752,73.88000000000001,75.0
Lithuania,LTU,2023,74.51769753124437,73.1,75.5
Lithuania,LTU,2024,74.44024777279027,73.0,75.5
Lithuania,LTU,2025,74.47033507437754,73.0,75.5
Lithuania,LTU,2026,74.45007082552007,73.0,75.5
Lithuania,LTU,2027,74.40565415885344,72.8,75.5
Lithuania,LTU,2028,74.39717436087363,72.8,75.5
Lithuania,LTU,2029,74.1113426148419,72.7,75.5
Lithuania,LTU,2030,72.93941242236022,70.58,75.0
Luxembourg,LUX,2022,82.5221639865692,82.1,82.7
Luxembourg,LUX,2023,82.50549731990252,82.1,82.7
Luxembourg,LUX,2024,82.50183065323584,82.1,82.7
Luxembourg,LUX,2025,82.50183065323584,82.1,82.7
Luxembourg,LUX,2026,82.49816398656917,82.08999999999999,82.7
Luxembourg,LUX,2027,82.49683065323582,82.08999999999999,82.7
Luxembourg,LUX,2028,82.49716398656916,82.08999999999999,82.7
Luxembourg,LUX,2029,82.48316398656912,82.0,82.7
Luxembourg,LUX,2030,82.47963873404385,82.0,82.74
Madagascar,MDG,2022,63.223745622895684,62.7,63.650000000000006
Madagascar,MDG,2023,63.17911404394831,62.6,63.6
Madagascar,MDG,2024,63.16544737728162,62.59,63.6
Madagascar,MDG,2025,63.164720370370404,62.59,63.6
Madagascar,MDG,2026,63.15445370370373,62.6,63.6
Madagascar,MDG,2027,63.15178703703707,62.6,63.6
Madagascar,MDG,2028,63.14114814814817,62.6,63.6
Madagascar,MDG,2029,63.10481481481481,62.6,63.6
Madagascar,MDG,2030,63.082648148148124,62.6,63.6
Malawi,MWI,2022,62.92506666666666,61.7,63.9
Malawi,MWI,2023,63.06200000000002,61.7,64.0
Malawi,MWI,2024,63.060000000000024,61.7,64.0
Malawi,MWI,2025,63.21433333333334,62.2,64.0
Malawi,MWI,2026,63.30316666666667,62.20000000000001,64.1
Malawi,MWI,2027,63.48066666666669,62.47,64.52000000000001
Malawi,MWI,2028,64.74900000000008,63.2,66.61
Malawi,MWI,2029,65.20174074074083,63.6,67.4
Malawi,MWI,2030,65.37774074074082,63.6,67.5
Malaysia,MYS,2022,72.81279141048728,71.4,74.1
Malaysia,MYS,2023,72.82719292563878,71.4,74.1
Malaysia,MYS,2024,72.70617394432546,71.4,74.1
Malaysia,MYS,2025,72.69877139962072,71.4,74.0
Malaysia,MYS,2026,72.64587131436114,71.5,73.7
Malaysia,MYS,2027,72.67465378303285,71.69,73.7
Malaysia,MYS,2028,72.69273055830438,71.7,73.7
Malaysia,MYS,2029,72.71541018793401,71.8,73.7
Malaysia,MYS,2030,72.6736029909643,71.7,73.7
Maldives,MDV,2022,80.39956803289304,78.2,81.61
Maldives,MDV,2023,80.76713888888892,78.4,81.91000000000001
Maldives,MDV,2024,80.89656111111117,78.4,82.2
Maldives,MDV,2025,81.11076515151528,78.6,82.2
Maldives,MDV,2026,81.1877095959597,78.6,82.4
Maldives,MDV,2027,81.2606540404041,78.6,82.71000000000002
Maldives,MDV,2028,81.29975,78.6,82.71000000000002
Maldives,MDV,2029,81.29975,78.6,82.71000000000002
Maldives,MDV,2030,81.29475000000001,78.6,82.71000000000002
Mali,MLI,2022,61.960655555555626,61.1,62.6
Mali,MLI,2023,62.053822222222294,61.1,62.6
Mali,MLI,2024,62.258933333333395,61.6,62.7
Mali,MLI,2025,62.4596666666667,61.89,63.3
Mali,MLI,2026,62.648333333333355,61.995,63.4
Mali,MLI,2027,62.91250000000005,62.0,63.8
Mali,MLI,2028,63.24683333333334,62.5,64.0
Mali,MLI,2029,63.57916666666665,62.78999999999999,64.6
Mali,MLI,2030,63.98554807692305,63.0,65.2
Malta,MLT,2022,81.57401885711758,81.2,82.1
Malta,MLT,2023,81.62146372891245,81.2,82.14
Malta,MLT,2024,81.64265261780135,81.2,82.2
Malta,MLT,2025,81.72476625416509,81.2,82.2
Malta,MLT,2026,81.74309958749843,81.23,82.3
Malta,MLT,2027,81.78098847638731,81.23708333333333,82.4
Malta,MLT,2028,81.81392180972065,81.23708333333333,82.4
Malta,MLT,2029,81.77472708680223,81.2,82.4
Malta,MLT,2030,81.78441684149199,81.2,82.4
Marshall Islands,MHL,2022,71.6089568750938,70.8,73.3
Marshall Islands,MHL,2023,71.25026356100018,70.7,72.71000000000001
Marshall Islands,MHL,2024,71.2044006942373,70.7,72.71000000000001
Marshall Islands,MHL,2025,71.25340069423731,70.7,73.07
Marshall Islands,MHL,2026,71.13947241140906,70.69999999999999,72.4
Marshall Islands,MHL,2027,71.13669317164319,70.69999999999999,72.61
Marshall Islands,MHL,2028,70.96405467179893,70.487,72.08428571428571
Marshall Islands,MHL,2029,70.92523896528313,70.4,72.71000000000001
Marshall Islands,MHL,2030,70.79689950659373,70.4,71.9
Mauritania,MRT,2022,70.29213541450373,68.6,72.2
Mauritania,MRT,2023,70.27458360534126,68.696,72.21000000000001
Mauritania,MRT,2024,70.04915398653415,68.696,72.21000000000001
Mauritania,MRT,2025,70.03685009764529,68.6,72.2
Mauritania,MRT,2026,70.02122864502381,68.53,72.2
Mauritania,MRT,2027,70.00093439151564,68.55142857142856,72.2
Mauritania,MRT,2028,69.99156541604665,68.55142857142856,72.2
Mauritania,MRT,2029,69.9588013874585,68.4,72.3
Mauritania,MRT,2030,69.94644232827055,68.4,72.4
Mauritius,MUS,2022,73.22135291853927,72.1,74.1
Mauritius,MUS,2023,73.0411970640731,72.0,74.0
Mauritius,MUS,2024,72.95674927538843,72.0,74.0
Mauritius,MUS,2025,72.848621609912,72.0,73.9
Mauritius,MUS,2026,72.66834834102515,71.9,73.4
Mauritius,MUS,2027,72.65921383311075,71.9,73.4
Mauritius,MUS,2028,72.6631547773517,71.94500000000001,73.25
Mauritius,MUS,2029,72.64253787546275,71.8,73.2
Mauritius,MUS,2030,72.5464938864616,71.7,73.1
Mexico,MEX,2022,70.81666666666665,70.1,71.6
Mexico,MEX,2023,69.43266666666659,67.8,70.9
Mexico,MEX,2024,68.41849999999997,66.99,69.83
Mexico,MEX,2025,68.1368333333333,66.5,69.8
Mexico,MEX,2026,67.95333333333328,66.5,69.8
Mexico,MEX,2027,68.08866666666658,66.5,70.6
Mexico,MEX,2028,67.4509999999999,64.9,69.8
Mexico,MEX,2029,67.1209999999999,64.7,69.8
Mexico,MEX,2030,66.76166666666659,63.89,69.8
"Micronesia, Federated States of",FSM,2022,65.71859449620426,64.9,67.1
"Micronesia, Federated States of",FSM,2023,66.33761949620424,65.3,67.51
"Micronesia, Federated States of",FSM,2024,66.43495282953758,65.4,67.6
"Micronesia, Federated States of",FSM,2025,66.49738140096613,65.4,67.6
"Micronesia, Federated States of",FSM,2026,66.53177028985506,65.4,67.6
"Micronesia, Federated States of",FSM,2027,66.57674251207729,65.4,67.61
"Micronesia, Federated States of",FSM,2028,66.6663536231884,65.4,67.8
"Micronesia, Federated States of",FSM,2029,66.9210202898551,65.4,67.9
"Micronesia, Federated States of",FSM,2030,67.0246,65.4,68.0
"Moldova, Republic of",MDA,2022,72.14718882783873,70.52250000000001,73.5
"Moldova, Republic of",MDA,2023,72.26330162545779,71.1,73.6
"Moldova, Republic of",MDA,2024,72.34073169081726,71.1,73.7
"Moldova, Republic of",MDA,2025,72.39169862922307,71.1,73.7
"Moldova, Republic of",MDA,2026,72.41387640700084,71.1,73.7
"Moldova, Republic of",MDA,2027,72.4285430736675,71.1,73.7
"Moldova, Republic of",MDA,2028,72.44252825885269,71.1,73.7
"Moldova, Republic of",MDA,2029,72.46297270329717,71.1,73.7
"Moldova, Republic of",MDA,2030,72.48243936996381,71.1,73.7
Mongolia,MNG,2022,70.5562666666667,70.1,71.6
Mongolia,MNG,2023,70.62893333333338,70.1,71.6
Mongolia,MNG,2024,70.91126666666668,70.1,71.6
Mongolia,MNG,2025,71.09693333333335,70.2,71.7
Mongolia,MNG,2026,71.17500000000004,70.2,71.8
Mongolia,MNG,2027,71.2176666666667,70.2,71.9
Mongolia,MNG,2028,71.16741666666668,69.7,72.0
Mongolia,MNG,2029,71.17641666666668,69.7,72.1
Mongolia,MNG,2030,71.89694985569986,70.1,73.5
Montenegro,MNE,2022,74.95990337902838,73.74,76.61
Montenegro,MNE,2023,74.70599374699368,72.78999999999999,76.2
Montenegro,MNE,2024,74.66339871775394,72.89,76.2
Montenegro,MNE,2025,74.59660691881213,72.0,76.2
Montenegro,MNE,2026,74.50473931862484,71.1,76.2
Montenegro,MNE,2027,74.37284910698465,71.0,76.2
Montenegro,MNE,2028,74.22584369572928,70.9,76.2
Montenegro,MNE,2029,73.83240228158782,70.9,76.2
Montenegro,MNE,2030,73.64963447570949,70.9,76.11
Morocco,MAR,2022,73.21662192291002,71.38,74.4
Morocco,MAR,2023,73.26889518379949,71.3,74.55499999999999
Morocco,MAR,2024,73.24088277895288,71.3,74.6
Morocco,MAR,2025,73.09902883708423,71.3,74.55499999999999
Morocco,MAR,2026,72.91618098303438,71.0,74.6
Morocco,MAR,2027,72.9398577088592,70.995,74.835
Morocco,MAR,2028,72.95586968615908,70.995,74.9
Morocco,MAR,2029,73.05424986790541,71.0,74.90750000000001
Morocco,MAR,2030,73.09035835244921,71.0,75.005
Mozambique,MOZ,2022,58.74433333333331,57.3,60.0
Mozambique,MOZ,2023,58.867555555555555,57.39,60.5
Mozambique,MOZ,2024,58.99655555555557,57.5,60.5
Mozambique,MOZ,2025,59.13188888888891,57.9,60.5
Mozambique,MOZ,2026,59.34822222222223,58.1,60.81
Mozambique,MOZ,2027,59.71657460317463,58.58,61.3
Mozambique,MOZ,2028,60.438093121693164,59.160000000000004,61.9
Mozambique,MOZ,2029,60.913507936508,59.2,62.2
Mozambique,MOZ,2030,61.377507936508046,59.7,62.6
Myanmar,MMR,2022,68.18929206349218,67.0,69.4
Myanmar,MMR,2023,68.40729206349216,67.2,69.81
Myanmar,MMR,2024,68.56065237677537,67.2,70.0
Myanmar,MMR,2025,68.6413088095239,67.2,70.2
Myanmar,MMR,2026,68.82279029100536,67.6,70.42000000000002
Myanmar,MMR,2027,68.93893314814822,67.6,71.7
Myanmar,MMR,2028,69.2565162013695,67.69,71.7
Myanmar,MMR,2029,69.2498495347028,67.6,71.7
Myanmar,MMR,2030,69.34280866168692,67.7,71.7
Namibia,NAM,2022,60.4696666666667,59.5,62.1
Namibia,NAM,2023,60.50633333333335,59.5,62.1
Namibia,NAM,2024,60.54000000000001,59.5,62.1
Namibia,NAM,2025,60.610333333333344,59.5,62.13000000000001
Namibia,NAM,2026,60.65933333333333,59.5,62.79999999999999
Namibia,NAM,2027,60.69633333333333,59.5,62.8
Namibia,NAM,2028,60.860666666666646,59.5,63.410000000000004
Namibia,NAM,2029,60.870333333333306,59.5,63.5
Namibia,NAM,2030,60.88166666666662,59.5,63.5
Nauru,NRU,2022,71.83808333333347,70.8,73.22000000000001
Nauru,NRU,2023,71.70749999999998,70.8,73.4
Nauru,NRU,2024,71.73449999999995,70.8,73.5
Nauru,NRU,2025,71.73449999999994,70.8,73.5
Nauru,NRU,2026,71.75949999999996,70.8,73.51
Nauru,NRU,2027,71.73716666666672,70.7,73.51
Nauru,NRU,2028,71.72250000000005,70.7,73.5
Nauru,NRU,2029,71.67116666666668,70.5,73.51
Nauru,NRU,2030,71.62850000000002,70.4,73.41000000000001
Nepal,NPL,2022,69.86993217733851,68.8,71.1
Nepal,NPL,2023,69.87389142993139,68.7,71.01
Nepal,NPL,2024,70.03727462886751,68.76,71.32000000000001
Nepal,NPL,2025,70.33028137489927,68.9,71.7125
Nepal,NPL,2026,70.35732304156592,68.97500000000001,71.8025
Nepal,NPL,2027,70.38756748601035,69.06000000000002,71.8025
Nepal,NPL,2028,70.70130262852612,69.1,72.71000000000001
Nepal,NPL,2029,70.98667860255212,69.38000000000001,73.0
Nepal,NPL,2030,71.16741795257407,69.2,73.0
Netherlands,NLD,2022,81.41867054061906,81.27095238095238,81.6
Netherlands,NLD,2023,81.60603468203328,81.3,82.2
Netherlands,NLD,2024,81.62870134869995,81.3,82.2025
Netherlands,NLD,2025,81.69550261132625,81.3,82.2025
Netherlands,NLD,2026,81.68250261132624,81.3,82.2
Netherlands,NLD,2027,81.93789967722338,81.39833333333334,82.5
Netherlands,NLD,2028,81.94423301055672,81.39833333333334,82.51
Netherlands,NLD,2029,81.94345523277894,81.4,82.51
Netherlands,NLD,2030,82.15203615828621,81.5,82.7
New Zealand,NZL,2022,81.34581548821566,80.7,81.7
New Zealand,NZL,2023,81.29527382154897,80.66840909090911,81.7
New Zealand,NZL,2024,81.27126323953834,80.7,81.7
New Zealand,NZL,2025,81.26476323953834,80.7,81.7
New Zealand,NZL,2026,81.26195768398279,80.7,81.7
New Zealand,NZL,2027,81.29580193792573,80.89833333333333,81.9
New Zealand,NZL,2028,81.29355193792574,80.89833333333333,81.8
New Zealand,NZL,2029,81.3005083148821,80.89999999999999,81.8
New Zealand,NZL,2030,81.50422694902564,81.1,81.91000000000001
Nicaragua,NIC,2022,72.53558574712325,70.8,74.025
Nicaragua,NIC,2023,72.61831657324154,70.69,74.77
Nicaragua,NIC,2024,72.61762583250078,70.78999999999999,74.77
Nicaragua,NIC,2025,72.42560752858247,70.6,74.2
Nicaragua,NIC,2026,72.39552975080473,70.5,74.31
Nicaragua,NIC,2027,71.90463587061078,69.5,73.7
Nicaragua,NIC,2028,71.77164999999994,69.86,73.7
Nicaragua,NIC,2029,71.92010512820511,70.28999999999999,73.7
Nicaragua,NIC,2030,71.99957179487181,70.3,73.7
Niger,NER,2022,59.72562222222219,59.08,60.2
Niger,NER,2023,59.822955555555524,59.2,60.6
Niger,NER,2024,59.934066666666624,59.2,61.0
Niger,NER,2025,59.96809999999994,59.2,61.0
Niger,NER,2026,60.11983333333326,59.5,61.0
Niger,NER,2027,60.3564444444444,59.5,61.3
Niger,NER,2028,60.52266666666663,59.6,61.4
Niger,NER,2029,60.55222222222219,59.59,61.4
Niger,NER,2030,60.713222222222214,59.8,61.6
Nigeria,NGA,2022,63.06566666666663,62.0,64.9
Nigeria,NGA,2023,63.161666666666655,62.0,65.1
Nigeria,NGA,2024,63.336666666666645,62.0,65.1
Nigeria,NGA,2025,63.78233333333333,62.0,65.1
Nigeria,NGA,2026,64.21199999999995,62.4,65.3
Nigeria,NGA,2027,64.42866666666662,62.4,65.3
Nigeria,NGA,2028,64.55566666666657,62.4,65.31
Nigeria,NGA,2029,64.7623333333332,62.8,65.7
Nigeria,NGA,2030,64.8959999999999,64.17,65.8
Niue,NIU,2022,71.26723044411737,70.8,71.9
Niue,NIU,2023,70.96485738273141,70.7,71.7
Niue,NIU,2024,70.96519071606478,70.7,71.7
Niue,NIU,2025,71.15420744285653,70.6,72.01
Niue,NIU,2026,71.14180744285655,70.5,72.1
Niue,NIU,2027,71.09928892433821,70.5,72.1
Niue,NIU,2028,71.03366955238477,70.5,72.0
Niue,NIU,2029,70.89823934180573,70.4,72.0
Niue,NIU,2030,71.05218166168632,70.4,72.7
North Macedonia,MKD,2022,74.25150533217214,72.8,75.4
North Macedonia,MKD,2023,74.15988080568353,72.7,75.1
North Macedonia,MKD,2024,73.92177379446773,72.7,74.8
North Macedonia,MKD,2025,73.57669007814087,72.4,74.6
North Macedonia,MKD,2026,73.21154503993858,71.9,74.4
North Macedonia,MKD,2027,72.94900065561922,72.0,73.9
North Macedonia,MKD,2028,72.75921185723435,71.8,73.8
North Macedonia,MKD,2029,72.32606778379906,70.4,73.5
North Macedonia,MKD,2030,72.03110588972442,70.4,73.2
Norway,NOR,2022,82.2694194444442,82.1,82.5
Norway,NOR,2023,82.27008611111087,82.1,82.5
Norway,NOR,2024,82.26841944444422,82.1,82.5
Norway,NOR,2025,82.27075277777755,82.098,82.50666666666667
Norway,NOR,2026,82.27036388888867,82.09833333333333,82.6
Norway,NOR,2027,82.27003055555532,82.09833333333333,82.6
Norway,NOR,2028,82.26836388888866,82.083,82.6
Norway,NOR,2029,82.26480833333311,82.07824999999998,82.6
Norway,NOR,2030,82.26480833333311,82.07824999999998,82.6
Oman,OMN,2022,73.46152429064941,72.59444444444443,74.31833333333333
Oman,OMN,2023,73.47442151167456,72.53999999999999,74.33676470588237
Oman,OMN,2024,73.44339046022115,72.5,74.35111111111112
Oman,OMN,2025,73.36382537040782,72.4,74.3
Oman,OMN,2026,73.2639769738494,72.5,74.2
Oman,OMN,2027,73.2108145006677,72.5,74.1673076923077
Oman,OMN,2028,73.18981384544838,72.5,74.17576923076925
Oman,OMN,2029,73.16125320600717,72.5,74.17
Oman,OMN,2030,73.11151154035032,72.49666666666667,74.17
Pakistan,PAK,2022,65.31248717948718,64.6,66.03
Pakistan,PAK,2023,65.48743162393163,64.69,66.3
Pakistan,PAK,2024,65.61476495726497,64.8,66.6
Pakistan,PAK,2025,65.86939722222216,64.89,67.0
Pakistan,PAK,2026,66.0360194444444,64.89,67.0
Pakistan,PAK,2027,66.0788369047619,64.7,67.0
Pakistan,PAK,2028,66.14951547619043,64.7,67.7
Pakistan,PAK,2029,65.94153234126985,64.7,67.7
Pakistan,PAK,2030,65.89329067460321,64.7,67.7
Palau,PLW,2022,71.24221837606854,70.8,71.9
Palau,PLW,2023,70.92584952084933,70.7,71.2
Palau,PLW,2024,70.91605057905034,70.7,71.2
Palau,PLW,2025,70.88885085916235,70.7,70.82000000000002
Palau,PLW,2026,70.86604530360684,70.7,70.80000000000001
Palau,PLW,2027,70.82931792961656,70.69999999999999,70.80000000000001
Palau,PLW,2028,70.73793089257971,70.5,70.8
Palau,PLW,2029,70.57147458472616,70.4,70.7
Palau,PLW,2030,70.51547955491942,70.4,70.7
"Palestine, State of",PSE,2022,73.9865191419691,72.8,76.22000000000001
"Palestine, State of",PSE,2023,74.27017357864361,72.7,77.5
"Palestine, State of",PSE,2024,73.7976082622206,71.99,75.7
"Palestine, State of",PSE,2025,73.62784695269679,72.37,75.3
"Palestine, State of",PSE,2026,73.49517034626344,72.0,75.00538461538461
"Palestine, State of",PSE,2027,73.43135384299546,71.6,75.0
"Palestine, State of",PSE,2028,73.22730148721452,71.3,74.97749999999999
"Palestine, State of",PSE,2029,72.89958801778289,70.8,74.8
"Palestine, State of",PSE,2030,72.7506102298301,70.8,74.58625
Panama,PAN,2022,77.37434124579127,75.9,78.5
Panama,PAN,2023,77.32173202208425,75.99,78.5
Panama,PAN,2024,77.30904101679327,76.1,78.5
Panama,PAN,2025,77.15897137393614,75.9,78.5
Panama,PAN,2026,77.13934815028368,75.6,78.5
Panama,PAN,2027,76.12296584211268,75.22250000000001,77.7
Panama,PAN,2028,75.71662708838035,74.79857142857142,76.58
Panama,PAN,2029,75.57676217392968,74.3,76.47583333333333
Panama,PAN,2030,75.38371944577595,73.9,76.41333333333334
Papua New Guinea,PNG,2022,65.66930851972103,64.2,67.1
Papua New Guinea,PNG,2023,65.78332843314092,64.3,67.1
Papua New Guinea,PNG,2024,65.87434170875426,64.3,67.3
Papua New Guinea,PNG,2025,65.81035556156809,64.3,67.3
Papua New Guinea,PNG,2026,65.70225476190477,64.3,67.3
Papua New Guinea,PNG,2027,65.69693333333336,64.5,67.1
Papua New Guinea,PNG,2028,65.70485000000004,64.5,67.1
Papua New Guinea,PNG,2029,65.5447194444445,64.5,67.01
Papua New Guinea,PNG,2030,65.11650714285713,64.5,66.2
Paraguay,PRY,2022,71.78228300773294,69.8,73.5
Paraguay,PRY,2023,70.90399999999995,69.7,71.9
Paraguay,PRY,2024,70.56333333333332,69.8,71.6
Paraguay,PRY,2025,70.46633333333337,69.7,71.5
Paraguay,PRY,2026,69.71200000000005,67.7,71.1
Paraguay,PRY,2027,68.04199999999993,66.4,69.8
Paraguay,PRY,2028,68.08566666666655,66.4,69.8
Paraguay,PRY,2029,68.45933333333326,67.49,69.5
Paraguay,PRY,2030,68.40433333333328,67.4,69.5
Peru,PER,2022,71.25233333333334,70.1,71.9
Peru,PER,2023,70.55266666666672,69.7,71.6
Peru,PER,2024,67.8574999999999,66.4,69.71000000000001
Peru,PER,2025,67.52116666666662,66.39,68.4
Peru,PER,2026,67.2558333333333,65.7,68.0
Peru,PER,2027,66.73336111111112,65.1,68.0
Peru,PER,2028,65.91236111111117,64.7,67.8
Peru,PER,2029,65.57336111111114,64.2,67.71000000000001
Peru,PER,2030,63.19966666666662,60.6,65.52000000000001
Philippines,PHL,2022,66.60394444444447,64.98,68.2
Philippines,PHL,2023,66.53761111111116,64.8,68.2
Philippines,PHL,2024,66.45041746031748,64.8,67.8
Philippines,PHL,2025,65.9817841269842,64.5,67.1
Philippines,PHL,2026,65.81153015873022,64.5,67.1
Philippines,PHL,2027,65.70536349206358,64.5,67.1
Philippines,PHL,2028,65.29820793650795,64.67714285714285,66.2
Philippines,PHL,2029,65.2118560846561,64.67714285714285,66.1
Philippines,PHL,2030,65.00425254930254,64.49,65.8
Poland,POL,2022,76.24655373154921,75.3,77.0
Poland,POL,2023,76.21541890230438,75.2,77.0
Poland,POL,2024,76.09437963306267,75.025,77.0
Poland,POL,2025,76.04565527408829,75.01124999999999,77.0
Poland,POL,2026,75.97920982320261,75.0,77.0
Poland,POL,2027,75.7335824422502,74.7,77.0
Poland,POL,2028,75.66515387082164,74.7,76.91000000000001
Poland,POL,2029,75.59054666977896,74.7,77.0
Poland,POL,2030,75.53805374949549,74.67061904761906,76.9
Portugal,PRT,2022,81.01747777369691,80.7,81.7
Portugal,PRT,2023,81.02546691511105,80.7,81.71000000000001
Portugal,PRT,2024,81.02513358177771,80.7,81.71000000000001
Portugal,PRT,2025,81.08273358177772,80.7,81.9
Portugal,PRT,2026,81.01145395214803,80.6,81.8
Portugal,PRT,2027,81.00978728548137,80.6,81.8
Portugal,PRT,2028,80.98978728548136,80.59777777777778,81.8
Portugal,PRT,2029,80.97550283937191,80.4,81.7
Portugal,PRT,2030,80.97716950603859,80.4,81.7
Qatar,QAT,2022,79.3413666666667,78.2,80.8
Qatar,QAT,2023,79.75273333333338,78.2,81.2
Qatar,QAT,2024,79.8742981481482,78.2,81.21000000000001
Qatar,QAT,2025,80.5228790660226,78.49,81.7
Qatar,QAT,2026,80.52338343110196,78.4,81.7
Qatar,QAT,2027,80.52612285312729,78.5,81.7
Qatar,QAT,2028,80.55067977529004,78.5,81.7
Qatar,QAT,2029,80.66554812262898,78.5,81.7
Qatar,QAT,2030,80.74164224664227,78.58999999999999,81.7
Romania,ROU,2022,73.6239960943804,72.45938461538462,74.60521739130435
Romania,ROU,2023,73.43783731610004,72.39777777777779,74.43250000000002
Romania,ROU,2024,73.3187059011963,72.254,74.41000000000001
Romania,ROU,2025,73.1797271000267,72.1,73.9
Romania,ROU,2026,73.16756368011326,72.1,73.9
Romania,ROU,2027,73.21809001064545,72.1,73.9
Romania,ROU,2028,73.03473816341854,72.1,73.9
Romania,ROU,2029,72.9581196405438,72.1,73.8
Romania,ROU,2030,72.87553886377155,72.0,73.8
Russian Federation,RUS,2022,71.11655555555548,70.5,71.6
Russian Federation,RUS,2023,71.11655555555548,70.5,71.6
Russian Federation,RUS,2024,71.11555555555549,70.5,71.6
Russian Federation,RUS,2025,71.11922222222216,70.5,71.6
Russian Federation,RUS,2026,71.12222222222215,70.5,71.6
Russian Federation,RUS,2027,71.11622222222216,70.5,71.6
Russian Federation,RUS,2028,71.11588888888883,70.5,71.6
Russian Federation,RUS,2029,71.11388888888882,70.5,71.6
Russian Federation,RUS,2030,71.10288888888883,70.5,71.6
Rwanda,RWA,2022,67.81663365800873,67.0,68.92000000000002
Rwanda,RWA,2023,67.9272738095239,67.0,69.2
Rwanda,RWA,2024,68.60934199134203,67.4,69.71000000000001
Rwanda,RWA,2025,68.73811174906967,67.6,69.8
Rwanda,RWA,2026,69.17083815778044,68.1,69.9
Rwanda,RWA,2027,69.23193659421241,68.4,69.9
Rwanda,RWA,2028,69.36806690958416,68.4,69.91000000000001
Rwanda,RWA,2029,69.42938201653601,68.4,70.0
Rwanda,RWA,2030,69.48052328637728,68.4,70.0
Saint Kitts and Nevis,KNA,2022,71.67028263305338,70.8,73.1
Saint Kitts and Nevis,KNA,2023,71.45902549019603,70.78999999999999,73.01788235294117
Saint Kitts and Nevis,KNA,2024,71.48400049019602,70.78999999999999,73.0
Saint Kitts and Nevis,KNA,2025,71.50666715686268,70.8,73.1
Saint Kitts and Nevis,KNA,2026,71.50603382352938,70.78999999999999,73.1
Saint Kitts and Nevis,KNA,2027,71.50340049019616,70.7,73.1
Saint Kitts and Nevis,KNA,2028,71.53691715686286,70.7,73.00176470588235
Saint Kitts and Nevis,KNA,2029,71.51185882352948,70.5,73.1
Saint Kitts and Nevis,KNA,2030,71.49724771241839,70.4,73.1
Saint Lucia,LCA,2022,72.73095009398759,71.8,73.2
Saint Lucia,LCA,2023,72.58723008954104,71.7,73.14000000000001
Saint Lucia,LCA,2024,72.54594714478212,71.8,73.1
Saint Lucia,LCA,2025,72.47635053823055,71.8,73.1
Saint Lucia,LCA,2026,72.21578208517197,71.4,73.0
Saint Lucia,LCA,2027,71.98428981725469,70.8,73.0
Saint Lucia,LCA,2028,71.34230994152041,70.1,71.9
Saint Lucia,LCA,2029,71.07333333333327,70.1,71.9
Saint Lucia,LCA,2030,70.78016666666659,70.1,71.6
Saint Vincent and the Grenadines,VCT,2022,71.94332055261998,70.4,72.9
Saint Vincent and the Grenadines,VCT,2023,71.91826546413547,70.4,72.9
Saint Vincent and the Grenadines,VCT,2024,71.8957952580415,70.4,72.9
Saint Vincent and the Grenadines,VCT,2025,71.4616788720539,70.4,72.71400000000001
Saint Vincent and the Grenadines,VCT,2026,71.4563566498317,70.4,72.7
Saint Vincent and the Grenadines,VCT,2027,71.47716498316504,70.4,72.80606060606061
Saint Vincent and the Grenadines,VCT,2028,71.49783164983171,70.4,72.86454545454546
Saint Vincent and the Grenadines,VCT,2029,71.49099831649838,70.4,72.8
Saint Vincent and the Grenadines,VCT,2030,71.48866498316504,70.4,72.8
Samoa,WSM,2022,70.70351666666676,69.7,71.9
Samoa,WSM,2023,70.75651666666674,69.8,71.9
Samoa,WSM,2024,70.79451666666675,69.8,71.9
Samoa,WSM,2025,70.82101666666674,69.8,71.9
Samoa,WSM,2026,70.83101666666674,69.8,71.9
Samoa,WSM,2027,70.8606833333334,69.8,71.9
Samoa,WSM,2028,70.88968333333338,69.8,71.9
Samoa,WSM,2029,70.90179444444449,69.8,71.9
Samoa,WSM,2030,70.85619444444451,69.8,71.9
Sao Tome and Principe,STP,2022,71.3878240301566,70.3,72.71000000000001
Sao Tome and Principe,STP,2023,71.42864726247983,70.3,72.8
Sao Tome and Principe,STP,2024,71.45886948470205,70.3,72.8
Sao Tome and Principe,STP,2025,71.4640361513687,70.3,72.8
Sao Tome and Principe,STP,2026,71.48811269841264,70.0,73.0
Sao Tome and Principe,STP,2027,71.46922380952373,69.9,73.0
Sao Tome and Principe,STP,2028,71.492460651629,69.9,73.0
Sao Tome and Principe,STP,2029,71.52856541353376,69.9,73.01
Sao Tome and Principe,STP,2030,71.53783208020042,69.89,73.1
Saudi Arabia,SAU,2022,77.4803597883598,76.7,78.5
Saudi Arabia,SAU,2023,77.56054497354498,76.7,78.5
Saudi Arabia,SAU,2024,77.60450632620197,76.7,78.5
Saudi Arabia,SAU,2025,77.61611743731308,76.7,78.5
Saudi Arabia,SAU,2026,77.63545077064641,76.7,78.5
Saudi Arabia,SAU,2027,77.63778410397977,76.7,78.5
Saudi Arabia,SAU,2028,77.63083965953533,76.7,78.5
Saudi Arabia,SAU,2029,77.62876719576721,76.7,78.5
Saudi Arabia,SAU,2030,77.63643386243386,76.7,78.5
Senegal,SEN,2022,67.29486865079372,66.0,68.7
Senegal,SEN,2023,67.28904325396832,66.0,68.7
Senegal,SEN,2024,67.302709920635,66.0,68.71000000000001
Senegal,SEN,2025,67.29012063492074,65.99,68.8
Senegal,SEN,2026,67.34445396825404,66.2,68.8
Senegal,SEN,2027,67.35812063492071,66.2,68.81
Senegal,SEN,2028,67.39559682539688,66.3,68.9
Senegal,SEN,2029,67.40547182539689,66.3,68.71000000000001
Senegal,SEN,2030,67.5239318253969,66.3,68.9
Serbia,SRB,2022,74.2495628603456,72.84,75.2
Serbia,SRB,2023,74.25072754754012,73.013,75.0
Serbia,SRB,2024,74.03267122019298,72.6,74.9735294117647
Serbia,SRB,2025,73.98236000014946,72.6,74.8
Serbia,SRB,2026,73.6968270340008,72.45346153846154,74.6
Serbia,SRB,2027,73.58667208709372,72.5,74.4
Serbia,SRB,2028,73.39189321444134,72.25733333333334,74.2
Serbia,SRB,2029,73.104067848141,71.89,73.9
Serbia,SRB,2030,73.09402355223222,71.9,73.9
Seychelles,SYC,2022,75.37456928943227,74.6,76.306
Seychelles,SYC,2023,75.38952881324177,74.6,76.3
Seychelles,SYC,2024,75.62915647261939,74.5,76.3
Seychelles,SYC,2025,75.73923219373218,74.4,76.5
Seychelles,SYC,2026,75.76183333333339,73.69,77.2
Seychelles,SYC,2027,76.0436333333334,73.4,77.5
Seychelles,SYC,2028,76.4912384920636,75.28,77.7
Seychelles,SYC,2029,76.59944177489184,75.48,77.5
Seychelles,SYC,2030,76.80379642857146,75.0,78.92000000000002
Sierra Leone,SLE,2022,61.857822222222225,61.4,62.6
Sierra Leone,SLE,2023,62.46970000000001,61.6,63.2
Sierra Leone,SLE,2024,63.2246,62.4,64.2
Sierra Leone,SLE,2025,63.927000000000056,63.1,65.11
Sierra Leone,SLE,2026,64.92900000000013,63.9,65.7
Sierra Leone,SLE,2027,66.26541666666657,65.3,67.4
Sierra Leone,SLE,2028,66.67808333333332,66.0,67.71000000000001
Sierra Leone,SLE,2029,67.3025555555555,66.3,68.31
Sierra Leone,SLE,2030,67.9584444444444,66.8,69.2
Singapore,SGP,2022,82.63211999999976,82.1,82.8
Singapore,SGP,2023,82.61950095238072,82.1,82.8
Singapore,SGP,2024,82.40880650793655,81.99,82.8
Singapore,SGP,2025,82.40447317460321,81.9,82.8
Singapore,SGP,2026,82.41802873015881,81.9,82.8
Singapore,SGP,2027,82.41536206349215,81.9,82.8
Singapore,SGP,2028,82.41636206349214,81.9,82.8
Singapore,SGP,2029,82.41139236652242,81.9,82.8
Singapore,SGP,2030,82.40805903318908,81.9,82.8
Slovakia,SVK,2022,75.81938903806076,75.19666666666667,76.6
Slovakia,SVK,2023,75.80802237139412,75.16428571428573,76.55277777777778
Slovakia,SVK,2024,75.71061797631205,74.91932075471698,76.40111111111112
Slovakia,SVK,2025,75.66525252258337,74.8,76.41333333333334
Slovakia,SVK,2026,75.56277348819182,74.6,76.4
Slovakia,SVK,2027,75.34861432907188,74.49,76.3
Slovakia,SVK,2028,75.19640502839823,74.4,76.1
Slovakia,SVK,2029,75.13354176710888,74.1,76.08258064516129
Slovakia,SVK,2030,75.0431710763093,73.89,75.90166666666667
Slovenia,SVN,2022,81.05674211918688,80.6,81.6
Slovenia,SVN,2023,81.10705098162079,80.5975,81.7
Slovenia,SVN,2024,81.19323431495415,80.6,81.8
Slovenia,SVN,2025,81.30745256892244,80.69,82.02000000000001
Slovenia,SVN,2026,81.40350887635766,80.9,82.3
Slovenia,SVN,2027,81.41002554302432,80.9,82.3
Slovenia,SVN,2028,81.81326587491468,81.2,82.7
Slovenia,SVN,2029,81.80641587491465,81.2,82.7
Slovenia,SVN,2030,81.96618650983523,81.4,82.7
Solomon Islands,SLB,2022,65.74350476190483,64.2,67.4
Solomon Islands,SLB,2023,65.7645714285715,64.2,67.5
Solomon Islands,SLB,2024,65.70966666666672,64.2,67.41000000000001
Solomon Islands,SLB,2025,65.63500000000009,64.2,67.5
Solomon Islands,SLB,2026,65.59866666666677,64.2,67.41000000000001
Solomon Islands,SLB,2027,65.60066666666677,64.2,67.41000000000001
Solomon Islands,SLB,2028,65.70466666666674,64.2,67.6
Solomon Islands,SLB,2029,65.74566666666674,64.2,67.8
Solomon Islands,SLB,2030,65.6823333333334,64.2,67.8
Somalia,SOM,2022,54.87999999999995,53.1,56.0
Somalia,SOM,2023,54.96433333333329,53.1,56.0
Somalia,SOM,2024,54.8763333333333,53.1,56.0
Somalia,SOM,2025,54.73266666666667,53.1,56.11000000000001
Somalia,SOM,2026,54.71033333333333,53.279999999999994,55.9
Somalia,SOM,2027,54.86666666666667,53.3,56.2
Somalia,SOM,2028,54.94200000000001,53.1,57.5
Somalia,SOM,2029,56.14833333333332,53.79,57.5
Somalia,SOM,2030,56.874,55.8,57.5
South Africa,ZAF,2022,61.483999999999895,59.7,63.3
South Africa,ZAF,2023,61.31033333333324,59.29,63.3
South Africa,ZAF,2024,61.23399999999993,59.1,63.3
South Africa,ZAF,2025,61.29166666666659,59.1,63.5
South Africa,ZAF,2026,61.299333333333244,59.1,63.61000000000001
South Africa,ZAF,2027,61.28666666666659,59.1,63.6
South Africa,ZAF,2028,61.27833333333325,59.1,63.61000000000001
South Africa,ZAF,2029,61.276333333333255,59.1,63.7
South Africa,ZAF,2030,61.17533333333327,59.1,63.8
South Sudan,SSD,2022,60.08355189255177,59.5,60.6
South Sudan,SSD,2023,60.77275916768415,60.1,61.5
South Sudan,SSD,2024,62.22476944444454,61.09,63.1
South Sudan,SSD,2025,62.78700000000004,60.2,64.1
South Sudan,SSD,2026,65.50200000000011,64.19,67.4
South Sudan,SSD,2027,67.01033333333332,64.69,68.8
South Sudan,SSD,2028,67.03566666666664,64.69,68.8
South Sudan,SSD,2029,66.96566666666665,64.38000000000001,68.8
South Sudan,SSD,2030,66.722,63.8,68.8
Spain,ESP,2022,82.52724325396834,82.2,82.8
Spain,ESP,2023,82.5055423992675,82.2,82.8
Spain,ESP,2024,82.2608115070116,81.69500000000001,82.7
Spain,ESP,2025,82.24747817367825,81.69500000000001,82.7
Spain,ESP,2026,82.26047817367821,81.69500000000001,82.7
Spain,ESP,2027,82.28735317367818,81.7,82.8
Spain,ESP,2028,82.33660958393457,81.7,82.8
Spain,ESP,2029,82.33060958393457,81.7,82.8
Spain,ESP,2030,82.34132188552191,81.7,82.8
Sri Lanka,LKA,2022,76.67095634920646,75.2,77.8
Sri Lanka,LKA,2023,76.93495634920643,75.9,78.21000000000001
Sri Lanka,LKA,2024,77.24496428571436,76.2,78.4
Sri Lanka,LKA,2025,77.29207539682545,76.38000000000001,78.4
Sri Lanka,LKA,2026,77.29931349206358,76.1,78.4
Sri Lanka,LKA,2027,77.33058621933634,75.88000000000001,78.4
Sri Lanka,LKA,2028,77.39316955266962,75.37,78.5
Sri Lanka,LKA,2029,77.37883621933628,75.1,78.5
Sri Lanka,LKA,2030,77.44186121933626,75.67,78.5
Sudan,SDN,2022,67.32702777777783,66.4,68.0
Sudan,SDN,2023,67.62955000000007,67.1,68.2
Sudan,SDN,2024,67.778638888889,67.2,68.5
Sudan,SDN,2025,68.09517857142865,67.2,69.5
Sudan,SDN,2026,68.11987301587311,67.1,69.71000000000001
Sudan,SDN,2027,67.38023611111117,65.8,69.2
Sudan,SDN,2028,67.2927000000001,65.8,68.9
Sudan,SDN,2029,66.79111111111119,65.0,68.3
Sudan,SDN,2030,66.60888888888893,65.0,67.8
Suriname,SUR,2022,70.44799999999995,69.6,71.3
Suriname,SUR,2023,70.46799999999998,69.7,71.1
Suriname,SUR,2024,69.64309595959594,67.3,71.1
Suriname,SUR,2025,68.3303181818181,66.1,70.7
Suriname,SUR,2026,67.4816515151514,65.89,69.52000000000001
Suriname,SUR,2027,67.54998484848471,65.9,69.8
Suriname,SUR,2028,67.45698484848477,65.9,68.8
Suriname,SUR,2029,67.77198484848476,66.1,68.8
Suriname,SUR,2030,68.34916666666658,67.19,69.8
Sweden,SWE,2022,82.11513247863239,81.9,82.31
Sweden,SWE,2023,82.11513247863239,81.9,82.31
Sweden,SWE,2024,82.12418803418797,81.9,82.5
Sweden,SWE,2025,82.12652136752132,81.9,82.5
Sweden,SWE,2026,82.13807692307688,81.9,82.6
Sweden,SWE,2027,82.14007692307689,81.9,82.6
Sweden,SWE,2028,82.14241025641022,81.9,82.6
Sweden,SWE,2029,82.14241025641022,81.9,82.6
Sweden,SWE,2030,82.14241025641022,81.9,82.6
Switzerland,CHE,2022,82.70729166666632,82.4,82.8
Switzerland,CHE,2023,82.69229166666639,82.4,82.8
Switzerland,CHE,2024,82.69229166666639,82.4,82.8
Switzerland,CHE,2025,82.69182499999974,82.4,82.8
Switzerland,CHE,2026,82.69415833333306,82.4,82.8
Switzerland,CHE,2027,82.69415833333306,82.4,82.8
Switzerland,CHE,2028,82.69489166666641,82.4,82.8
Switzerland,CHE,2029,82.69326666666642,82.4,82.8
Switzerland,CHE,2030,82.69193333333307,82.4,82.8
Syrian Arab Republic,SYR,2022,75.86914074074069,74.19,77.2
Syrian Arab Republic,SYR,2023,79.9636666666666,78.6,81.3
Syrian Arab Republic,SYR,2024,79.97033333333327,78.6,80.9
Syrian Arab Republic,SYR,2025,79.99333333333327,78.6,80.94000000000001
Syrian Arab Republic,SYR,2026,80.18166666666657,78.8,80.9
Syrian Arab Republic,SYR,2027,81.25505555555556,79.1,82.5
Syrian Arab Republic,SYR,2028,81.41466666666663,79.37,82.79999999999998
Syrian Arab Republic,SYR,2029,81.41466666666663,79.37,82.79999999999998
Syrian Arab Republic,SYR,2030,81.41266666666662,79.37,82.79999999999998
Tajikistan,TJK,2022,71.78664094153132,69.9,72.90125
Tajikistan,TJK,2023,71.72887469089741,69.9,73.0
Tajikistan,TJK,2024,71.62928314500373,69.86250000000001,73.12022727272728
Tajikistan,TJK,2025,71.59817389453198,69.6,73.3
Tajikistan,TJK,2026,71.55232556600866,69.6,73.3
Tajikistan,TJK,2027,71.43756008981812,69.6,73.4
Tajikistan,TJK,2028,70.88812150797509,69.3,73.21000000000001
Tajikistan,TJK,2029,70.78231466857265,69.3,73.0
Tajikistan,TJK,2030,70.53866466857272,69.19333333333334,72.73
"Tanzania, United Republic of",TZA,2022,66.28823987493993,64.794,67.7
"Tanzania, United Republic of",TZA,2023,66.51210812890818,65.0,67.8
"Tanzania, United Republic of",TZA,2024,66.64714040404048,65.1,67.8
"Tanzania, United Republic of",TZA,2025,66.86230158730166,65.4,68.1
"Tanzania, United Republic of",TZA,2026,67.45446825396836,66.0,69.1
"Tanzania, United Republic of",TZA,2027,68.47089704686564,67.2,69.502
"Tanzania, United Republic of",TZA,2028,68.94512582986744,67.69,69.8
"Tanzania, United Republic of",TZA,2029,69.43249865623454,68.69571428571429,70.0
"Tanzania, United Republic of",TZA,2030,69.62127081111666,68.6,71.0
Thailand,THA,2022,72.0398644296293,71.2,73.2
Thailand,THA,2023,71.98005890027008,70.7,72.92133333333332
Thailand,THA,2024,71.9328014394439,70.89,72.7
Thailand,THA,2025,72.02679963537994,71.4,72.7
Thailand,THA,2026,72.0915226373292,71.4,72.72010526315789
Thailand,THA,2027,72.0872270537455,71.4,72.7
Thailand,THA,2028,71.95917321428573,71.1,72.8
Thailand,THA,2029,71.26616666666669,70.58999999999999,72.0
Thailand,THA,2030,71.33233333333335,70.6,71.9
Timor-Leste,TLS,2022,67.763,66.36,69.0
Timor-Leste,TLS,2023,67.97310714285713,66.7,69.3
Timor-Leste,TLS,2024,68.00941269841275,67.1,69.21000000000001
Timor-Leste,TLS,2025,68.03690476190484,67.1,69.31
Timor-Leste,TLS,2026,68.22222222222226,67.2,69.5
Timor-Leste,TLS,2027,68.37708333333339,67.5,69.6
Timor-Leste,TLS,2028,68.39741666666674,67.7,69.6
Timor-Leste,TLS,2029,68.62422222222229,67.7,70.0
Timor-Leste,TLS,2030,69.0910603174604,67.89,70.755
Togo,TGO,2022,64.18877349687357,63.5,64.81
Togo,TGO,2023,64.62250185185194,64.1,65.2
Togo,TGO,2024,65.22267208994712,64.6,65.9
Togo,TGO,2025,65.51925634920632,64.9,66.0
Togo,TGO,2026,66.0950857142856,65.0,67.0
Togo,TGO,2027,66.57333273485774,65.932,67.31
Togo,TGO,2028,67.13846296296306,66.3,67.91000000000001
Togo,TGO,2029,68.07170555555565,67.2,69.4
Togo,TGO,2030,68.49655187908512,67.4,69.8
Tonga,TON,2022,72.42055576370095,72.165,72.7
Tonga,TON,2023,72.42900391184911,72.1,72.7
Tonga,TON,2024,72.43167057851576,72.0986956521739,72.7
Tonga,TON,2025,72.44604739010997,71.99,72.7
Tonga,TON,2026,72.5512590303217,71.89,73.51
Tonga,TON,2027,72.59592569698837,71.89,73.7
Tonga,TON,2028,72.62235168905188,71.77000000000001,73.7
Tonga,TON,2029,72.62419295889313,71.7,73.7
Tonga,TON,2030,72.58019295889315,71.7,73.7
Trinidad and Tobago,TTO,2022,71.13561519043826,69.6,72.8
Trinidad and Tobago,TTO,2023,69.78713137009193,67.6,71.91000000000001
Trinidad and Tobago,TTO,2024,69.66222222222224,67.69,71.6
Trinidad and Tobago,TTO,2025,69.50166666666668,67.69,71.5
Trinidad and Tobago,TTO,2026,69.48500000000004,67.7,71.1
Trinidad and Tobago,TTO,2027,69.85100000000003,67.8,71.1
Trinidad and Tobago,TTO,2028,69.85,67.78999999999999,71.3
Trinidad and Tobago,TTO,2029,68.83551388888888,67.08999999999999,71.0
Trinidad and Tobago,TTO,2030,67.72418055555544,66.49,69.8
Tunisia,TUN,2022,73.73138850185764,72.9,74.4
Tunisia,TUN,2023,74.03758239005234,73.086875,75.0
Tunisia,TUN,2024,74.08634488456529,72.89571428571429,75.01
Tunisia,TUN,2025,74.13906301792971,72.85142857142857,75.3
Tunisia,TUN,2026,74.04497334799824,72.7,75.1
Tunisia,TUN,2027,73.9245807270414,72.7,74.94607142857144
Tunisia,TUN,2028,73.9293014704756,72.7,74.90416666666667
Tunisia,TUN,2029,73.84956019465521,72.69625,74.9
Tunisia,TUN,2030,73.69914353613599,72.49615384615385,74.9
Turkmenistan,TKM,2022,69.47785490469796,68.8,71.1
Turkmenistan,TKM,2023,69.74111204755508,68.9,71.41000000000001
Turkmenistan,TKM,2024,70.18017792057091,68.9,71.7
Turkmenistan,TKM,2025,70.3509048785449,68.9,71.8
Turkmenistan,TKM,2026,70.50174123332076,69.0,72.0
Turkmenistan,TKM,2027,70.58122166356304,69.0,72.0
Turkmenistan,TKM,2028,70.68952548751689,69.1,72.0
Turkmenistan,TKM,2029,70.73013659862801,69.1,72.0
Turkmenistan,TKM,2030,70.71129017005656,69.1,72.0
Tuvalu,TUV,2022,71.51366649831665,70.58999999999999,73.42000000000002
Tuvalu,TUV,2023,71.33329983164974,70.5,73.6
Tuvalu,TUV,2024,71.36252205387196,70.5,73.6
Tuvalu,TUV,2025,71.34743493265982,70.5,73.51
Tuvalu,TUV,2026,71.34440462962957,70.5,72.91000000000001
Tuvalu,TUV,2027,71.38001388888895,70.58999999999999,73.0
Tuvalu,TUV,2028,71.42968055555565,70.68,73.1
Tuvalu,TUV,2029,71.49934722222231,70.5,73.6
Tuvalu,TUV,2030,71.52662500000007,70.4,73.6
Uganda,UGA,2022,65.5945001322752,64.2,67.0
Uganda,UGA,2023,65.74855283790286,64.49,67.1
Uganda,UGA,2024,65.87474172679175,64.7,67.1
Uganda,UGA,2025,66.08344206349209,64.8,67.31
Uganda,UGA,2026,66.18496269841268,64.8,67.8
Uganda,UGA,2027,66.19614126984126,64.8,67.8
Uganda,UGA,2028,66.47938201058197,65.0,67.8
Uganda,UGA,2029,68.3662169312169,66.18,71.0
Uganda,UGA,2030,69.07780952380958,67.1,71.0
Ukraine,UKR,2022,71.46633333333337,70.9,72.0
Ukraine,UKR,2023,71.2889333333333,70.2,71.9
Ukraine,UKR,2024,71.15233333333332,70.1,71.8
Ukraine,UKR,2025,70.859,69.7,71.7
Ukraine,UKR,2026,70.71466666666666,69.6,71.6
Ukraine,UKR,2027,70.416,69.58999999999999,71.6
Ukraine,UKR,2028,70.39866666666663,69.6,71.6
Ukraine,UKR,2029,70.35999999999996,69.5,71.6
Ukraine,UKR,2030,70.3563333333333,69.58999999999999,71.5
United Arab Emirates,ARE,2022,82.11924636844654,81.6,82.6
United Arab Emirates,ARE,2023,82.12186303511324,81.6,82.5
United Arab Emirates,ARE,2024,82.13017234883874,81.63176470588235,82.5
United Arab Emirates,ARE,2025,82.11463021319663,81.79545454545455,82.4
United Arab Emirates,ARE,2026,82.12301530784057,81.9,82.4
United Arab Emirates,ARE,2027,82.12741438191465,81.9,82.4
United Arab Emirates,ARE,2028,82.08374824434848,81.7409090909091,82.4
United Arab Emirates,ARE,2029,82.0652554593557,81.6,82.4
United Arab Emirates,ARE,2030,82.00299104326484,81.5,82.5
United Kingdom,GBR,2022,80.41958013468019,79.4,81.9
United Kingdom,GBR,2023,80.37486439393942,79.298,81.9
United Kingdom,GBR,2024,80.1694583333334,79.2,81.8
United Kingdom,GBR,2025,80.12498611111118,79.2,81.8
United Kingdom,GBR,2026,79.67483394451769,78.6,81.2
United Kingdom,GBR,2027,79.60678018993889,78.5,81.0
United Kingdom,GBR,2028,79.52542988468856,78.39200000000001,81.0
United Kingdom,GBR,2029,79.35989377357747,78.2,81.0
United Kingdom,GBR,2030,79.32207967101338,78.2,80.9
United States,USA,2022,74.79409891464793,73.69,75.5
United States,USA,2023,74.74383121312287,73.69,75.5
United States,USA,2024,74.4100959678127,72.98,75.5
United States,USA,2025,74.01426819003503,72.4,74.7
United States,USA,2026,73.7987847222223,71.9,74.6
United States,USA,2027,73.30690639589177,71.7,74.4
United States,USA,2028,73.25144607843146,71.7,74.2
United States,USA,2029,72.96920867868513,71.69500000000001,73.8
United States,USA,2030,72.87063742362442,71.69500000000001,73.7
Uruguay,URY,2022,75.80105933955195,74.92250000000001,76.7
Uruguay,URY,2023,75.5759503580242,74.6,76.4
Uruguay,URY,2024,75.54589365982537,74.6,76.4
Uruguay,URY,2025,75.46097711481421,74.6,76.4
Uruguay,URY,2026,75.3530964084291,74.5,76.3
Uruguay,URY,2027,74.9092534968849,74.1,75.5
Uruguay,URY,2028,74.87420905244045,74.08999999999999,75.5
Uruguay,URY,2029,74.86363889115013,73.9,75.5
Uruguay,URY,2030,74.8543515348283,73.9,75.5
Uzbekistan,UZB,2022,73.17664272054593,71.19833333333334,74.9
Uzbekistan,UZB,2023,73.34843256743778,71.3,74.9
Uzbekistan,UZB,2024,73.39917317729092,71.78,74.83250000000001
Uzbekistan,UZB,2025,73.78646062140469,72.9,74.83250000000001
Uzbekistan,UZB,2026,74.41266125965531,73.1,76.1
Uzbekistan,UZB,2027,75.32732777777777,73.4,77.0
Uzbekistan,UZB,2028,75.9209111111111,74.3,77.2
Uzbekistan,UZB,2029,76.76971666666662,75.0,78.3
Uzbekistan,UZB,2030,77.13966666666664,75.8,78.5
Vanuatu,VUT,2022,66.55204093567251,65.4,67.8
Vanuatu,VUT,2023,66.54237426900585,65.4,67.8
Vanuatu,VUT,2024,66.52011111111112,65.4,67.6
Vanuatu,VUT,2025,66.50625000000001,65.4,67.6
Vanuatu,VUT,2026,66.5430277777778,65.4,67.8
Vanuatu,VUT,2027,66.40480555555558,65.1,67.6
Vanuatu,VUT,2028,66.39147222222222,65.1,67.6
Vanuatu,VUT,2029,66.43747222222223,65.19,67.6
Vanuatu,VUT,2030,66.36513888888891,65.1,67.6
"Venezuela, Bolivarian Republic of",VEN,2022,70.45245321727256,69.2,72.0
"Venezuela, Bolivarian Republic of",VEN,2023,70.34685027609608,69.1,72.0
"Venezuela, Bolivarian Republic of",VEN,2024,70.23626088215671,68.9,71.7
"Venezuela, Bolivarian Republic of",VEN,2025,69.90348048999984,68.6,71.6
"Venezuela, Bolivarian Republic of",VEN,2026,69.84386937888871,68.4,71.6
"Venezuela, Bolivarian Republic of",VEN,2027,69.76873392915324,68.4,71.1
"Venezuela, Bolivarian Republic of",VEN,2028,69.83407749640473,68.4,71.11
"Venezuela, Bolivarian Republic of",VEN,2029,69.77777599264527,68.4,71.23
"Venezuela, Bolivarian Republic of",VEN,2030,69.727811706931,68.4,71.2
Viet Nam,VNM,2022,74.76754881507382,72.99,77.0
Viet Nam,VNM,2023,74.89539924242423,73.08999999999999,77.0
Viet Nam,VNM,2024,74.95673257575757,73.2,77.0
Viet Nam,VNM,2025,74.95941035353535,73.29625,77.0
Viet Nam,VNM,2026,74.96307702020202,73.2,77.0
Viet Nam,VNM,2027,74.93012331649835,73.2,76.8
Viet Nam,VNM,2028,75.06069633237138,73.4,76.7
Viet Nam,VNM,2029,75.07795466570472,73.7,76.7
Viet Nam,VNM,2030,75.17601706857967,73.8,76.7
Yemen,YEM,2022,65.69068968253968,64.39,67.1
Yemen,YEM,2023,65.32626190476194,64.2,67.0
Yemen,YEM,2024,65.28154444444448,64.2,66.9
Yemen,YEM,2025,64.98470476190482,63.79,66.2
Yemen,YEM,2026,64.74954516594524,63.2,66.1
Yemen,YEM,2027,64.03876738816741,60.20000000000001,65.5
Yemen,YEM,2028,64.02746111111118,60.20000000000001,65.4
Yemen,YEM,2029,63.93214629629633,60.2,65.1
Yemen,YEM,2030,63.603962962963024,60.1,65.1
Zambia,ZMB,2022,62.231955555555494,60.4,63.6
Zambia,ZMB,2023,62.39673333333325,60.5,63.6
Zambia,ZMB,2024,62.74273333333326,61.09,63.7
Zambia,ZMB,2025,62.96599999999996,62.0,63.9
Zambia,ZMB,2026,63.0313333333333,62.1,63.9
Zambia,ZMB,2027,63.15166666666664,62.1,63.9
Zambia,ZMB,2028,63.27866666666669,62.38,64.01
Zambia,ZMB,2029,63.289666666666704,62.20000000000001,64.2
Zambia,ZMB,2030,63.269333333333364,62.20000000000001,64.11
Zimbabwe,ZWE,2022,59.0466666666668,57.9,61.3
Zimbabwe,ZWE,2023,59.129666666666814,57.9,61.3
Zimbabwe,ZWE,2024,59.32033333333347,57.9,61.3
Zimbabwe,ZWE,2025,59.634277777777896,58.2,61.460000000000015
Zimbabwe,ZWE,2026,60.099277777777836,58.2,62.1
Zimbabwe,ZWE,2027,60.27127777777783,58.4,62.1
Zimbabwe,ZWE,2028,60.39200000000003,59.1,62.1
Zimbabwe,ZWE,2029,60.52133333333335,59.1,62.1
Zimbabwe,ZWE,2030,60.71866666666667,59.1,63.31
