Country,Year,Status,HIV/AIDS,GDP,Adult Mortality,Schooling,Life expectancy,Predicted,Error,Absolute Error
Afghanistan,2014,Developing,0.1,612.696514,271.0,10.0,59.9,59.5935298344638,0.3064701655361972,0.3064701655361972
Afghanistan,2015,Developing,0.1,584.25921,263.0,10.1,65.0,63.71468142829303,1.2853185717069735,1.2853185717069735
Albania,2014,Developing,0.1,4575.763787,8.0,14.2,77.5,75.66095938302146,1.8390406169785365,1.8390406169785365
Albania,2015,Developing,0.1,3954.22783,74.0,14.2,77.8,77.80552212482529,-0.005522124825290575,0.005522124825290575
Algeria,2014,Developing,0.1,547.8517,11.0,14.4,75.4,74.09927756727294,1.3007224327270706,1.3007224327270706
Algeria,2015,Developing,0.1,4132.76292,19.0,14.4,75.6,73.29567077239474,2.304329227605251,2.304329227605251
Angola,2014,Developing,2.0,479.31224,348.0,11.4,51.7,54.739406913046096,-3.0394069130460935,3.0394069130460935
Angola,2015,Developing,1.9,3695.793748,335.0,11.4,52.4,55.01111219805154,-2.6111121980515435,2.6111121980515435
Antigua and Barbuda,2014,Developing,0.2,12888.29667,131.0,13.9,76.2,75.01869770263062,1.1813022973693847,1.1813022973693847
Antigua and Barbuda,2015,Developing,0.2,13566.9541,13.0,13.9,76.4,73.78937714005501,2.6106228599449963,2.6106228599449963
Argentina,2014,Developing,0.1,12245.25645,118.0,17.3,76.2,75.42240454732058,0.7775954526794209,0.7775954526794209
Argentina,2015,Developing,0.1,13467.1236,116.0,17.3,76.3,76.06462856954971,0.23537143045028586,0.23537143045028586
Armenia,2014,Developing,0.1,3994.712355,12.0,12.7,74.6,74.22552477488023,0.3744752251197667,0.3744752251197667
Armenia,2015,Developing,0.1,369.654776,118.0,12.7,74.8,74.83006620222999,-0.030066202229988903,0.030066202229988903
Australia,2014,Developed,0.1,62214.6912,6.0,20.4,82.7,82.34591606848115,0.35408393151885775,0.35408393151885775
Australia,2015,Developed,0.1,56554.3876,59.0,20.4,82.8,83.57444732852694,-0.7744473285269464,0.7744473285269464
Austria,2014,Developed,0.1,51322.63997,66.0,15.9,81.4,85.72116700857875,-4.32116700857874,4.32116700857874
Austria,2015,Developed,0.1,43665.947,65.0,15.9,81.5,83.5677649089952,-2.0677649089952013,2.0677649089952013
Azerbaijan,2014,Developing,0.1,7891.299776,119.0,12.2,72.5,73.43911721090213,-0.9391172109021255,0.9391172109021255
Azerbaijan,2015,Developing,0.1,55.31382,118.0,12.7,72.7,74.52865471673923,-1.8286547167392229,1.8286547167392229
Bahamas,2014,Developing,0.1,,16.0,12.6,75.4,75.01894478424914,0.38105521575086243,0.38105521575086243
Bahamas,2015,Developing,0.1,,147.0,12.6,76.1,74.49537267127387,1.6046273287261243,1.6046273287261243
Bahrain,2014,Developing,0.1,24983.3792,7.0,14.5,76.8,76.19773341992077,0.6022665800792311,0.6022665800792311
Bahrain,2015,Developing,0.1,22688.87824,69.0,14.5,76.9,78.14097168622328,-1.2409716862232756,1.2409716862232756
Bangladesh,2014,Developing,0.1,184.56543,132.0,10.0,71.4,73.03188682043793,-1.631886820437927,1.631886820437927
Bangladesh,2015,Developing,0.1,121.15812,129.0,10.2,71.8,74.65492886484394,-2.8549288648439415,2.8549288648439415
Barbados,2014,Developing,0.1,15359.66971,1.0,15.3,75.4,74.71186734518709,0.6881326548129181,0.6881326548129181
Barbados,2015,Developing,0.1,15557.8381,98.0,15.3,75.5,75.60394938766204,-0.1039493876620412,0.1039493876620412
Belarus,2014,Developing,0.1,8318.429294,199.0,15.7,72.0,72.2117307330656,-0.2117307330655933,0.2117307330655933
Belarus,2015,Developing,0.1,5949.11677,196.0,15.6,72.3,74.26234174223966,-1.9623417422396585,1.9623417422396585
Belgium,2014,Developed,0.1,47439.39684,76.0,16.3,89.0,86.2106847708392,2.789315229160806,2.789315229160806
Belgium,2015,Developed,0.1,4356.875,74.0,16.6,81.1,84.4243611229413,-3.324361122941312,3.324361122941312
Belize,2014,Developing,0.2,4852.223666,177.0,12.8,70.0,72.02206421654164,-2.0220642165416365,2.0220642165416365
Belize,2015,Developing,0.2,4849.997495,175.0,12.8,71.0,72.36651207593789,-1.3665120759378908,1.3665120759378908
Benin,2014,Developing,1.1,943.686575,252.0,10.7,59.7,60.75412570931817,-1.0541257093181642,1.0541257093181642
Benin,2015,Developing,1.0,783.94791,249.0,10.7,60.0,61.24237178452768,-1.242371784527677,1.242371784527677
Bhutan,2014,Developing,0.5,2522.7968,216.0,12.5,69.4,68.84938535080225,0.5506146491977546,0.5506146491977546
Bhutan,2015,Developing,0.5,2613.645177,211.0,12.5,69.8,69.38094252953898,0.4190574704610128,0.4190574704610128
Bolivia (Plurinational State of),2014,Developing,0.1,,189.0,13.8,74.0,71.34902715630571,2.6509728436942908,2.6509728436942908
Bolivia (Plurinational State of),2015,Developing,0.1,,186.0,13.8,77.0,71.44227461533697,5.55772538466303,5.55772538466303
Bosnia and Herzegovina,2014,Developing,0.1,5193.94932,89.0,14.2,77.2,76.96207939919675,0.23792060080324973,0.23792060080324973
Bosnia and Herzegovina,2015,Developing,0.1,4574.9787,88.0,14.2,77.4,75.40826829578964,1.9917317042103662,1.9917317042103662
Botswana,2014,Developing,2.3,7497.762376,268.0,12.6,65.1,64.24559791655992,0.8544020834400783,0.8544020834400783
Botswana,2015,Developing,2.2,6532.651,256.0,12.6,65.7,67.05801063575022,-1.3580106357502189,1.3580106357502189
Brazil,2014,Developing,0.1,1226.61731,144.0,15.2,74.8,74.97663794555096,-0.17663794555096501,0.17663794555096501
Brazil,2015,Developing,0.1,8757.2622,142.0,15.2,75.0,74.2869750208802,0.713024979119794,0.713024979119794
Brunei Darussalam,2014,Developing,0.1,4159.8652,8.0,15.0,77.6,79.24013619015024,-1.640136190150244,1.640136190150244
Brunei Darussalam,2015,Developing,0.1,3967.8951,78.0,14.9,77.7,80.33331962877885,-2.6333196287788496,2.6333196287788496
Bulgaria,2014,Developed,0.1,7853.335191,138.0,14.8,74.3,74.77691331922868,-0.47691331922868585,0.47691331922868585
Bulgaria,2015,Developed,0.1,6993.47736,137.0,15.0,74.5,75.17316448771241,-0.6731644877124126,0.6731644877124126
Burkina Faso,2014,Developing,0.6,75.1464113,268.0,7.7,59.3,61.631509713150514,-2.331509713150517,2.331509713150517
Burkina Faso,2015,Developing,0.6,615.592225,26.0,7.7,59.9,65.66921167487632,-5.769211674876324,5.769211674876324
Burundi,2014,Developing,0.7,312.7489794,297.0,10.6,59.1,60.05757968274632,-0.9575796827463208,0.9575796827463208
Burundi,2015,Developing,0.7,33.681223,288.0,10.6,59.6,62.418464699564915,-2.818464699564913,2.818464699564913
Cabo Verde,2014,Developing,0.2,3529.61843,117.0,13.5,73.0,73.43837378996419,-0.43837378996418863,0.43837378996418863
Cabo Verde,2015,Developing,0.2,2954.119467,114.0,13.5,73.3,74.21775037550782,-0.917750375507822,0.917750375507822
Cambodia,2014,Developing,0.2,198.687123,179.0,10.9,68.3,67.7569011899062,0.5430988100937952,0.5430988100937952
Cambodia,2015,Developing,0.2,1163.18977,174.0,10.9,68.7,71.92282609279846,-3.2228260927984564,3.2228260927984564
Cameroon,2014,Developing,3.7,1441.1417,366.0,10.4,56.7,56.47819533517371,0.22180466482629413,0.22180466482629413
Cameroon,2015,Developing,3.5,1244.429421,357.0,10.4,57.3,59.20044799414688,-1.9004479941468801,1.9004479941468801
Canada,2014,Developing,0.1,544.43376,65.0,15.9,82.0,84.86018780643646,-2.860187806436457,2.860187806436457
Canada,2015,Developing,0.1,43315.744,64.0,16.3,82.2,83.77860803355192,-1.578608033551916,1.578608033551916
Central African Republic,2014,Developing,4.5,377.132274,437.0,7.1,58.0,53.50390722778701,4.4960927722129895,4.4960927722129895
Central African Republic,2015,Developing,4.4,348.381417,397.0,7.1,52.5,53.41223866823833,-0.9122386682383308,0.9122386682383308
Chad,2014,Developing,2.9,125.998515,362.0,7.3,52.6,53.76315416806659,-1.1631541680665904,1.1631541680665904
Chad,2015,Developing,2.8,777.248751,356.0,7.3,53.1,54.10945654756763,-1.0094565475676305,1.0094565475676305
Chile,2014,Developing,0.1,14817.37778,83.0,16.2,83.0,80.89950570015314,2.100494299846858,2.100494299846858
Chile,2015,Developing,0.1,13653.2264,82.0,16.3,85.0,80.25509851867217,4.74490148132783,4.74490148132783
China,2014,Developing,0.1,7683.5238,86.0,13.1,75.8,75.5912359059288,0.20876409407119922,0.20876409407119922
China,2015,Developing,0.1,869.211938,85.0,13.5,76.1,75.7166693350316,0.3833306649683976,0.3833306649683976
Colombia,2014,Developing,0.1,7913.383432,144.0,13.6,74.6,74.87050904934141,-0.2705090493414133,0.2705090493414133
Colombia,2015,Developing,0.1,644.525556,143.0,13.6,74.8,74.49655424895347,0.3034457510465245,0.3034457510465245
Comoros,2014,Developing,0.8,852.954379,23.0,11.1,63.2,66.68283877861303,-3.4828387786130293,3.4828387786130293
Comoros,2015,Developing,0.8,727.6463868,227.0,11.1,63.5,65.55241486523809,-2.0524148652380916,2.0524148652380916
Congo,2014,Developing,3.0,,275.0,11.1,64.2,63.00398031579819,1.196019684201815,1.196019684201815
Congo,2015,Developing,2.8,,267.0,11.1,64.7,62.84933813687013,1.8506618631298721,1.8506618631298721
Costa Rica,2014,Developing,0.1,1647.44179,96.0,13.9,79.5,77.88616472229798,1.613835277702023,1.613835277702023
Costa Rica,2015,Developing,0.1,1146.36273,95.0,14.2,79.6,76.5202909940982,3.0797090059017904,3.0797090059017904
Croatia,2014,Developed,0.1,13467.46827,97.0,15.1,77.8,77.00962110018884,0.7903788998111594,0.7903788998111594
Croatia,2015,Developed,0.1,11579.6674,95.0,15.3,78.0,77.30528151681098,0.6947184831890212,0.6947184831890212
Cuba,2014,Developing,0.1,75.5199,93.0,14.0,79.0,77.04007625597418,1.959923744025815,1.959923744025815
Cuba,2015,Developing,0.1,762.261218,92.0,13.9,79.1,75.733752623199,3.366247376800999,3.366247376800999
Cyprus,2014,Developed,0.1,2734.88382,53.0,14.0,83.0,79.41613939789953,3.583860602100472,3.583860602100472
Cyprus,2015,Developed,0.1,2375.1127,52.0,14.3,85.0,82.03155388988422,2.968446110115778,2.968446110115778
Czechia,2014,Developed,0.1,,88.0,,78.6,78.10265792784011,0.49734207215988135,0.49734207215988135
Czechia,2015,Developed,0.1,,86.0,,78.8,76.74365449561111,2.0563455043888865,2.0563455043888865
Côte d'Ivoire,2014,Developing,2.0,,47.0,,52.8,52.495474021849255,0.30452597815074256,0.30452597815074256
Côte d'Ivoire,2015,Developing,1.9,,397.0,,53.3,50.31290903458282,2.987090965417174,2.987090965417174
Democratic People's Republic of Korea,2014,Developing,0.1,,142.0,,73.0,72.25587774039256,0.7441222596074368,0.7441222596074368
Democratic People's Republic of Korea,2015,Developing,0.1,,139.0,,76.0,73.93425088829005,2.0657491117099482,2.0657491117099482
Democratic Republic of the Congo,2014,Developing,1.1,,266.0,,59.3,58.46296388934231,0.8370361106576851,0.8370361106576851
Democratic Republic of the Congo,2015,Developing,1.1,,258.0,,59.8,59.531775363153464,0.26822463684653286,0.26822463684653286
Denmark,2014,Developed,0.1,62425.5392,73.0,19.2,84.0,82.52987627169186,1.4701237283081383,1.4701237283081383
Denmark,2015,Developed,0.1,5314.64416,71.0,19.2,86.0,83.5425874914132,2.457412508586799,2.457412508586799
Djibouti,2014,Developing,2.1,174.91511,252.0,6.3,63.0,63.746788182396955,-0.7467881823969549,0.7467881823969549
Djibouti,2015,Developing,2.1,1862.167274,241.0,6.3,63.5,63.530998792286674,-0.030998792286673904,0.030998792286673904
Dominican Republic,2014,Developing,0.3,6268.692122,154.0,13.2,73.6,73.35946115615134,0.24053884384865398,0.24053884384865398
Dominican Republic,2015,Developing,0.3,6468.471648,152.0,13.2,73.9,73.21484733027542,0.6851526697245873,0.6851526697245873
Ecuador,2014,Developing,0.1,6432.216537,121.0,14.0,76.0,75.64333436252433,0.3566656374756718,0.3566656374756718
Ecuador,2015,Developing,0.1,625.62224,118.0,14.0,76.2,74.89077473629327,1.309225263706736,1.309225263706736
Egypt,2014,Developing,0.1,,161.0,13.1,78.0,72.70044520026171,5.299554799738289,5.299554799738289
Egypt,2015,Developing,0.1,,159.0,13.1,79.0,74.21043062574203,4.789569374257965,4.789569374257965
El Salvador,2014,Developing,0.2,3988.771871,181.0,13.2,73.3,71.41263960488975,1.8873603951102496,1.8873603951102496
El Salvador,2015,Developing,0.2,4127.11775,178.0,13.2,73.5,72.94078178584344,0.5592182141565587,0.5592182141565587
Equatorial Guinea,2014,Developing,4.4,192.59733,32.0,9.2,57.9,61.74012970445663,-3.840129704456629,3.840129704456629
Equatorial Guinea,2015,Developing,4.2,1347.31257,32.0,9.2,58.2,61.95456910474155,-3.754569104741549,3.754569104741549
Eritrea,2014,Developing,0.4,,261.0,5.0,64.4,64.19238590181065,0.20761409818935306,0.20761409818935306
Eritrea,2015,Developing,0.4,,255.0,5.0,64.7,64.00542350258065,0.694576497419348,0.694576497419348
Estonia,2014,Developing,0.1,19941.45532,122.0,16.5,77.3,78.03809818982239,-0.7380981898223951,0.7380981898223951
Estonia,2015,Developing,0.1,1774.9291,119.0,16.5,77.6,79.42166950728071,-1.821669507280717,1.821669507280717
Ethiopia,2014,Developing,0.6,571.1622759,234.0,8.4,64.2,64.31820581140076,-0.11820581140075603,0.11820581140075603
Ethiopia,2015,Developing,0.6,645.4637627,225.0,8.4,64.8,63.19478416947388,1.6052158305261202,1.6052158305261202
Fiji,2014,Developing,0.1,546.3728,19.0,15.2,69.7,71.92204929857215,-2.222049298572145,2.222049298572145
Fiji,2015,Developing,0.1,4921.89629,188.0,15.3,69.9,71.97977618936038,-2.0797761893603735,2.0797761893603735
Finland,2014,Developing,0.1,49914.61864,78.0,17.0,89.0,83.77369244227917,5.22630755772083,5.22630755772083
Finland,2015,Developing,0.1,4245.39744,76.0,17.0,81.1,82.50270214774838,-1.4027021477483856,1.4027021477483856
France,2014,Developing,0.1,42955.24287,79.0,16.2,82.2,83.44174990699099,-1.2417499069909894,1.2417499069909894
France,2015,Developing,0.1,36526.7711,78.0,16.3,82.4,82.01714075659454,0.38285924340546273,0.38285924340546273
Gabon,2014,Developing,2.8,9692.163874,237.0,12.6,65.5,64.3305437630368,1.1694562369631996,1.1694562369631996
Gabon,2015,Developing,2.7,7388.984144,229.0,12.6,66.0,64.06786573579372,1.932134264206283,1.932134264206283
Gambia,2014,Developing,1.7,,266.0,8.9,68.0,63.85689725182092,4.143102748179082,4.143102748179082
Gambia,2015,Developing,1.7,,262.0,8.9,61.1,64.0041283515396,-2.9041283515396046,2.9041283515396046
Georgia,2014,Developing,0.1,4429.6575,125.0,13.5,74.5,75.02130919364332,-0.5213091936433187,0.5213091936433187
Georgia,2015,Developing,0.1,3764.64912,129.0,13.9,74.4,74.41007628727556,-0.010076287275552431,0.010076287275552431
Germany,2014,Developed,0.1,4792.65288,69.0,17.0,89.0,84.8016073291384,4.198392670861594,4.198392670861594
Germany,2015,Developed,0.1,41176.88158,68.0,17.1,81.0,84.41702489057492,-3.417024890574922,3.417024890574922
Ghana,2014,Developing,0.8,1432.227943,253.0,11.7,62.1,62.81083883632238,-0.710838836322381,0.710838836322381
Ghana,2015,Developing,0.7,1361.11395,249.0,11.4,62.4,64.55510308504446,-2.155103085044466,2.155103085044466
Greece,2014,Developing,0.1,21673.7817,73.0,17.2,88.0,84.14057935828772,3.8594206417122763,3.8594206417122763
Greece,2015,Developing,0.1,187.78991,72.0,17.2,81.0,84.46176319895795,-3.4617631989579536,3.4617631989579536
Grenada,2014,Developing,0.1,8569.776998,143.0,15.8,73.5,74.31032596319278,-0.8103259631927813,0.8103259631927813
Grenada,2015,Developing,0.1,9212.192824,142.0,15.8,73.6,74.39790529594241,-0.7979052959424138,0.7979052959424138
Guatemala,2014,Developing,0.4,3687.763767,187.0,10.7,71.7,70.52901679208122,1.1709832079187805,1.1709832079187805
Guatemala,2015,Developing,0.4,3923.573344,186.0,10.7,71.9,69.85535454562549,2.0446454543745176,2.0446454543745176
Guinea,2014,Developing,0.5,561.997387,299.0,8.6,58.1,58.320273045991044,-0.2202730459910427,0.2202730459910427
Guinea,2015,Developing,0.5,554.48766,284.0,8.8,59.0,58.83818869709282,0.16181130290718215,0.16181130290718215
Guinea-Bissau,2014,Developing,3.4,642.6256154,282.0,9.2,58.4,59.088903240338865,-0.6889032403388669,0.6889032403388669
Guinea-Bissau,2015,Developing,3.2,596.8717189,275.0,9.2,58.9,59.7444143328483,-0.8444143328483023,0.8444143328483023
Guyana,2014,Developing,0.3,43.82321,217.0,10.3,66.0,66.60792948766624,-0.6079294876662402,0.6079294876662402
Guyana,2015,Developing,0.3,4136.689919,215.0,10.3,66.2,68.25983806266014,-2.059838062660134,2.059838062660134
Haiti,2014,Developing,0.5,83.1148117,245.0,9.1,63.1,63.46014181781183,-0.3601418178118294,0.3601418178118294
Haiti,2015,Developing,0.5,814.5463952,24.0,9.1,63.5,66.05801198437133,-2.5580119843713334,2.5580119843713334
Honduras,2014,Developing,0.3,2242.711912,149.0,11.4,74.5,72.33138210087975,2.1686178991202496,2.1686178991202496
Honduras,2015,Developing,0.3,2326.15856,147.0,11.2,74.6,72.99118721395668,1.6088127860433161,1.6088127860433161
Hungary,2014,Developed,0.1,14117.97668,137.0,15.8,75.6,76.25433005278704,-0.6543300527870457,0.6543300527870457
Hungary,2015,Developed,0.1,12365.6263,134.0,15.6,75.8,76.59928521714778,-0.7992852171477836,0.7992852171477836
Iceland,2014,Developed,0.1,52473.11356,49.0,19.0,82.5,80.85686339360251,1.6431366063974906,1.6431366063974906
Iceland,2015,Developed,0.1,5734.4436,49.0,19.0,82.7,79.24213666513491,3.4578633348650953,3.4578633348650953
India,2014,Developing,0.2,1573.11889,184.0,11.6,68.0,68.34122883768087,-0.3412288376808732,0.3412288376808732
India,2015,Developing,0.2,1613.18878,181.0,11.6,68.3,70.77585516760803,-2.4758551676080316,2.4758551676080316
Indonesia,2014,Developing,0.3,3491.595887,179.0,12.9,68.9,69.38903295481347,-0.4890329548134673,0.4890329548134673
Indonesia,2015,Developing,0.3,3336.16686,176.0,12.9,69.1,70.92799119764406,-1.8279911976440673,1.8279911976440673
Iran (Islamic Republic of),2014,Developing,0.1,,83.0,14.9,75.4,74.72324006177145,0.6767599382285567,0.6767599382285567
Iran (Islamic Republic of),2015,Developing,0.1,,83.0,14.8,75.5,74.901751171397,0.5982488286030048,0.5982488286030048
Iraq,2014,Developing,0.1,673.74737,199.0,10.1,67.9,68.46900270178725,-0.569002701787241,0.569002701787241
Iraq,2015,Developing,0.1,4974.2693,182.0,10.1,68.9,70.00438995204355,-1.1043899520435474,1.1043899520435474
Ireland,2014,Developed,0.1,5553.32623,66.0,18.6,81.2,82.58095738503188,-1.380957385031877,1.380957385031877
Ireland,2015,Developed,0.1,6664.144,64.0,18.6,81.4,83.8848899466925,-2.4848899466924905,2.4848899466924905
Israel,2014,Developing,0.1,37582.84624,6.0,16.0,82.2,80.86746214508636,1.3325378549136389,1.3325378549136389
Israel,2015,Developing,0.1,35729.37253,58.0,16.0,82.5,82.81217443793511,-0.3121744379351128,0.3121744379351128
Italy,2014,Developed,0.1,35396.66517,57.0,16.3,82.5,83.35249841443088,-0.8524984144308831,0.8524984144308831
Italy,2015,Developed,0.1,349.14755,56.0,16.3,82.7,83.30371092672807,-0.6037109267280698,0.6037109267280698
Jamaica,2014,Developing,0.5,4855.743789,133.0,12.8,75.8,74.5420527698793,1.257947230120692,1.257947230120692
Jamaica,2015,Developing,0.5,4965.989857,125.0,12.8,76.2,75.01618349474715,1.1838165052528495,1.1838165052528495
Japan,2014,Developed,0.1,3896.21151,57.0,15.3,83.5,81.69212523671769,1.8078747632823138,1.8078747632823138
Japan,2015,Developed,0.1,34474.13736,55.0,15.3,83.7,83.62104435452592,0.07895564547408185,0.07895564547408185
Jordan,2014,Developing,0.1,466.94775,113.0,13.1,74.0,73.40461437555223,0.595385624447772,0.595385624447772
Jordan,2015,Developing,0.1,496.99275,112.0,13.1,74.1,74.40184052780208,-0.30184052780208503,0.30184052780208503
Kazakhstan,2014,Developing,0.1,1286.56511,22.0,15.0,69.9,70.94190669005023,-1.0419066900502258,1.0419066900502258
Kazakhstan,2015,Developing,0.1,159.9817,198.0,15.0,72.0,72.86111302880143,-0.8611130288014266,0.8611130288014266
Kenya,2014,Developing,2.9,1335.6458,255.0,11.1,62.9,61.755964251769974,1.1440357482300243,1.1440357482300243
Kenya,2015,Developing,2.8,1349.97144,249.0,11.1,63.4,63.041984363571636,0.3580156364283624,0.3580156364283624
Kiribati,2014,Developing,0.1,1684.54274,2.0,11.9,66.1,67.71824695890551,-1.618246958905516,1.618246958905516
Kiribati,2015,Developing,0.1,1424.483611,198.0,11.9,66.3,70.26920184244042,-3.9692018424404267,3.9692018424404267
Kuwait,2014,Developing,0.1,42996.4812,82.0,13.0,74.6,74.24194816910402,0.3580518308959739,0.3580518308959739
Kuwait,2015,Developing,0.1,28975.418,81.0,13.3,74.7,76.26017923163975,-1.5601792316397507,1.5601792316397507
Kyrgyzstan,2014,Developing,0.1,,17.0,12.8,78.0,73.20765080596468,4.7923491940353244,4.7923491940353244
Kyrgyzstan,2015,Developing,0.1,,166.0,13.0,71.1,73.07502013736904,-1.975020137369043,1.975020137369043
Lao People's Democratic Republic,2014,Developing,0.2,,199.0,10.6,65.3,67.5802008560923,-2.280200856092307,2.280200856092307
Lao People's Democratic Republic,2015,Developing,0.2,,194.0,10.8,65.7,69.85829473690639,-4.1582947369063845,4.1582947369063845
Latvia,2014,Developed,0.1,15725.1374,156.0,16.0,74.4,75.56097562983182,-1.1609756298318104,1.1609756298318104
Latvia,2015,Developed,0.1,13666.58336,153.0,16.0,74.6,75.24368576494183,-0.6436857649418357,0.6436857649418357
Lebanon,2014,Developing,0.1,8161.4614,99.0,13.3,74.8,75.20275688252926,-0.40275688252926045,0.40275688252926045
Lebanon,2015,Developing,0.1,846.632851,98.0,13.3,74.9,75.16167471686722,-0.2616747168672191,0.2616747168672191
Lesotho,2014,Developing,9.4,1174.839214,522.0,10.8,52.1,52.74746432792667,-0.6474643279266701,0.6474643279266701
Lesotho,2015,Developing,9.3,173.82893,484.0,10.7,53.7,53.91095129313082,-0.21095129313081884,0.21095129313081884
Liberia,2014,Developing,0.9,458.4651734,329.0,9.9,58.1,59.77555738191204,-1.6755573819120357,1.6755573819120357
Liberia,2015,Developing,0.9,452.38717,259.0,9.9,61.4,62.421294083873356,-1.0212940838733573,1.0212940838733573
Libya,2014,Developing,0.1,,143.0,13.4,72.4,73.61270009858703,-1.212700098587021,1.212700098587021
Libya,2015,Developing,0.1,,138.0,13.4,72.7,74.09330434417832,-1.3933043441783184,1.3933043441783184
Lithuania,2014,Developed,0.1,16554.97139,169.0,16.5,73.4,76.00525873764968,-2.6052587376496774,2.6052587376496774
Lithuania,2015,Developed,0.1,14252.42853,165.0,16.5,73.6,77.2024211148589,-3.602421114858899,3.602421114858899
Luxembourg,2014,Developed,0.1,119172.7418,65.0,13.9,81.7,82.38095158341247,-0.6809515834124653,0.6809515834124653
Luxembourg,2015,Developed,0.1,1199.8223,63.0,13.9,82.0,83.22176389634974,-1.2217638963497421,1.2217638963497421
Madagascar,2014,Developing,0.3,452.4631926,225.0,10.3,65.1,63.418841140079756,1.681158859920238,1.681158859920238
Madagascar,2015,Developing,0.3,41.8575951,22.0,10.3,65.5,65.43942342926348,0.06057657073651512,0.06057657073651512
Malawi,2014,Developing,5.1,354.7253961,377.0,10.7,57.6,55.96240958197537,1.6375904180246295,1.6375904180246295
Malawi,2015,Developing,4.8,362.6575444,365.0,10.8,58.3,56.93726397624347,1.3627360237565256,1.3627360237565256
Malaysia,2014,Developing,0.1,11183.96191,126.0,13.0,74.8,73.70896809323831,1.0910319067616854,1.0910319067616854
Malaysia,2015,Developing,0.1,9643.644683,123.0,13.1,75.0,75.04551362497766,-0.04551362497765865,0.04551362497765865
Maldives,2014,Developing,0.1,7716.2415,62.0,12.7,78.2,75.61206129310249,2.5879387068975177,2.5879387068975177
Maldives,2015,Developing,0.1,8395.785198,61.0,12.7,78.5,77.02185162039574,1.4781483796042636,1.4781483796042636
Mali,2014,Developing,1.6,825.5729915,272.0,8.2,57.8,58.04480840365787,-0.2448084036578706,0.2448084036578706
Mali,2015,Developing,1.5,729.725338,266.0,8.4,58.2,60.06536139411084,-1.8653613941108347,1.8653613941108347
Malta,2014,Developed,0.1,2618.92599,55.0,14.3,81.4,81.28866538642939,0.11133461357061947,0.11133461357061947
Malta,2015,Developed,0.1,23819.4636,54.0,14.6,81.7,82.0752212366716,-0.37522123667159235,0.37522123667159235
Mauritania,2014,Developing,0.9,1326.66882,26.0,8.5,63.0,62.99275388867797,0.007246111322032789,0.007246111322032789
Mauritania,2015,Developing,0.9,1158.256469,25.0,8.5,63.1,65.22468867685214,-2.124688676852138,2.124688676852138
Mauritius,2014,Developing,0.1,1153.93822,148.0,14.7,74.2,73.38921465326422,0.8107853467357842,0.8107853467357842
Mauritius,2015,Developing,0.1,9252.11724,146.0,15.2,74.6,74.12731108145843,0.47268891854156436,0.47268891854156436
Mexico,2014,Developing,0.1,1452.27766,122.0,13.1,76.6,75.25357231491623,1.3464276850837678,1.3464276850837678
Mexico,2015,Developing,0.1,9143.128494,122.0,13.3,76.7,75.18515390976135,1.514846090238649,1.514846090238649
Micronesia (Federated States of),2014,Developing,0.1,,164.0,11.7,69.4,69.39340294320725,0.006597056792756462,0.006597056792756462
Micronesia (Federated States of),2015,Developing,0.1,,166.0,11.7,69.4,71.86665921336385,-2.4666592133638403,2.4666592133638403
Mongolia,2014,Developing,0.1,4181.583321,225.0,14.8,68.4,69.9172165527936,-1.5172165527935988,1.5172165527935988
Mongolia,2015,Developing,0.1,3944.1839,222.0,14.8,68.8,71.18670273841474,-2.3867027384147406,2.3867027384147406
Montenegro,2014,Developing,0.1,7378.345289,17.0,15.1,75.9,75.3894665997079,0.510533400292104,0.510533400292104
Montenegro,2015,Developing,0.1,6461.192554,16.0,15.1,76.1,76.39708303266235,-0.297083032662357,0.297083032662357
Morocco,2014,Developing,0.1,3154.513484,96.0,12.1,74.1,72.94255999824388,1.1574400017561146,1.1574400017561146
Morocco,2015,Developing,0.1,2847.285569,95.0,12.1,74.3,74.38055563366902,-0.08055563366902163,0.08055563366902163
Mozambique,2014,Developing,4.1,623.2871141,375.0,9.1,56.7,53.85842054843808,2.8415794515619197,2.8415794515619197
Mozambique,2015,Developing,3.9,528.3125597,355.0,9.1,57.6,55.410169348600874,2.1898306513991272,2.1898306513991272
Myanmar,2014,Developing,0.3,1262.893782,21.0,9.1,66.4,67.28969074512997,-0.8896907451299683,0.8896907451299683
Myanmar,2015,Developing,0.3,1194.59137,199.0,9.1,66.6,69.0380091950879,-2.4380091950879006,2.4380091950879006
Namibia,2014,Developing,2.2,5421.343953,242.0,11.7,65.9,67.3221314563235,-1.4221314563234984,1.4221314563234984
Namibia,2015,Developing,2.1,4737.66996,248.0,11.7,65.8,67.28147168052801,-1.481471680528017,1.481471680528017
Nepal,2014,Developing,0.1,76.2386977,158.0,12.4,69.6,69.78607729510513,-0.18607729510513593,0.18607729510513593
Nepal,2015,Developing,0.1,743.7653489,165.0,12.2,69.2,71.72958309127988,-2.529583091279875,2.529583091279875
Netherlands,2014,Developed,0.1,52157.4687,58.0,18.1,81.7,81.17699652074744,0.5230034792525657,0.5230034792525657
Netherlands,2015,Developed,0.1,44292.88473,57.0,18.1,81.9,83.05777644127353,-1.1577764412735263,1.1577764412735263
New Zealand,2014,Developed,0.1,4453.24673,67.0,19.2,81.5,83.05191336996243,-1.5519133699624348,1.5519133699624348
New Zealand,2015,Developed,0.1,3821.8937,66.0,19.2,81.6,83.18832859780157,-1.5883285978015778,1.5883285978015778
Nicaragua,2014,Developing,0.1,1975.46477,148.0,11.6,74.5,74.35801450291173,0.14198549708827102,0.14198549708827102
Nicaragua,2015,Developing,0.1,295.966488,145.0,11.7,74.8,73.98356514339663,0.8164348566033652,0.8164348566033652
Niger,2014,Developing,0.5,43.646498,223.0,5.3,61.4,63.16662795066039,-1.7666279506603928,1.7666279506603928
Niger,2015,Developing,0.4,358.99731,22.0,5.4,61.8,64.31705721060683,-2.5170572106068363,2.5170572106068363
Nigeria,2014,Developing,3.9,3221.678128,362.0,10.0,53.6,54.54937183934064,-0.9493718393406354,0.9493718393406354
Nigeria,2015,Developing,3.7,2655.157977,344.0,10.0,54.5,57.217801420398196,-2.717801420398196,2.717801420398196
Norway,2014,Developed,0.1,975.49856,61.0,17.7,81.6,82.1413899602219,-0.5413899602219061,0.5413899602219061
Norway,2015,Developed,0.1,7455.24654,59.0,17.7,81.8,82.53416761845435,-0.7341676184543502,0.7341676184543502
Oman,2014,Developing,0.1,2458.45226,11.0,13.7,76.4,74.9592287243331,1.4407712756669042,1.4407712756669042
Oman,2015,Developing,0.1,16627.36433,99.0,13.7,76.6,75.60260122257003,0.9973987774299644,0.9973987774299644
Pakistan,2014,Developing,0.1,1316.98966,162.0,7.8,66.2,66.08448801011319,0.11551198988681222,0.11551198988681222
Pakistan,2015,Developing,0.1,1431.244865,161.0,8.1,66.4,69.7162002005213,-3.316200200521294,3.316200200521294
Panama,2014,Developing,0.1,12593.7374,119.0,13.0,77.6,76.70100734895591,0.8989926510440824,0.8989926510440824
Panama,2015,Developing,0.1,13134.4367,118.0,13.0,77.8,75.99359533702935,1.8064046629706496,1.8064046629706496
Papua New Guinea,2014,Developing,0.7,2182.716565,278.0,10.0,62.7,63.373352778289885,-0.6733527782898818,0.6733527782898818
Papua New Guinea,2015,Developing,0.6,,275.0,10.0,62.9,63.70858068369726,-0.808580683697258,0.808580683697258
Paraguay,2014,Developing,0.2,4712.822736,147.0,12.3,73.9,72.74272109077708,1.1572789092229243,1.1572789092229243
Paraguay,2015,Developing,0.2,419.367724,146.0,12.3,74.0,73.71007007128588,0.28992992871411616,0.28992992871411616
Peru,2014,Developing,0.1,6491.5245,125.0,13.4,75.3,73.73304560951733,1.566954390482664,1.566954390482664
Peru,2015,Developing,0.1,63.343259,123.0,13.4,75.5,74.63002129945389,0.8699787005461133,0.8699787005461133
Philippines,2014,Developing,0.1,2842.938353,214.0,11.7,68.4,67.8492514097816,0.5507485902184044,0.5507485902184044
Philippines,2015,Developing,0.1,2878.33837,211.0,11.7,68.5,69.48433625699043,-0.9843362569904315,0.9843362569904315
Poland,2014,Developed,0.1,14341.675,12.0,16.4,77.3,78.82826603507455,-1.5282660350745516,1.5282660350745516
Poland,2015,Developed,0.1,12565.9876,117.0,16.4,77.5,78.76433187707771,-1.2643318770777086,1.2643318770777086
Portugal,2014,Developed,0.1,2277.53613,78.0,16.8,89.0,82.83889550914947,6.1611044908505335,6.1611044908505335
Portugal,2015,Developed,0.1,1922.681,76.0,16.6,81.1,82.46944109831512,-1.3694410983151215,1.3694410983151215
Qatar,2014,Developing,0.1,86852.7119,69.0,13.4,78.1,80.63628014076664,-2.5362801407666495,2.5362801407666495
Qatar,2015,Developing,0.1,66346.52267,68.0,13.4,78.2,82.28472552222296,-4.0847255222229535,4.0847255222229535
Republic of Korea,2014,Developing,0.1,,66.0,,82.0,78.22872379304182,3.771276206958177,3.771276206958177
Republic of Korea,2015,Developing,0.1,,64.0,,82.3,81.94504258347018,0.35495741652981394,0.35495741652981394
Republic of Moldova,2014,Developing,0.1,,162.0,,71.8,72.34841734220768,-0.548417342207685,0.548417342207685
Republic of Moldova,2015,Developing,0.1,,157.0,,72.1,72.58989173226485,-0.4898917322648515,0.4898917322648515
Romania,2014,Developed,0.1,12.27733,135.0,14.7,74.8,74.93393666576601,-0.13393666576601504,0.13393666576601504
Romania,2015,Developed,0.1,8958.788593,133.0,14.7,75.0,75.23524869337771,-0.23524869337771293,0.23524869337771293
Russian Federation,2014,Developing,0.1,14125.961,225.0,14.9,73.0,73.91237000640326,-0.9123700064032647,0.9123700064032647
Russian Federation,2015,Developing,0.1,9329.298351,222.0,15.0,75.0,74.24517396366676,0.7548260363332417,0.7548260363332417
Rwanda,2014,Developing,0.4,76.5699517,23.0,10.8,65.7,68.40064516206479,-2.700645162064788,2.700645162064788
Rwanda,2015,Developing,0.4,71.348397,227.0,10.8,66.1,65.81054342718583,0.28945657281416004,0.28945657281416004
Saint Lucia,2014,Developing,0.1,,139.0,13.1,75.0,74.67203424806449,0.32796575193550837,0.32796575193550837
Saint Lucia,2015,Developing,0.1,,138.0,13.1,75.2,74.23159983691991,0.9684001630800907,0.9684001630800907
Saint Vincent and the Grenadines,2014,Developing,0.1,,157.0,13.3,73.1,73.80853171618212,-0.7085317161821223,0.7085317161821223
Saint Vincent and the Grenadines,2015,Developing,0.1,,156.0,13.3,73.2,73.49146249989563,-0.2914624998956299,0.2914624998956299
Samoa,2014,Developing,0.1,4178.973369,128.0,12.9,73.8,73.68266089024652,0.11733910975347328,0.11733910975347328
Samoa,2015,Developing,0.1,4149.363444,125.0,12.9,74.0,75.83245977781715,-1.8324597778171494,1.8324597778171494
Sao Tome and Principe,2014,Developing,0.2,1821.878734,191.0,11.1,67.3,68.49724118545217,-1.197241185452171,1.197241185452171
Sao Tome and Principe,2015,Developing,0.2,1624.63963,19.0,11.2,67.5,71.635000409989,-4.135000409989004,4.135000409989004
Saudi Arabia,2014,Developing,0.1,24575.434,88.0,15.8,74.4,76.39241467026712,-1.9924146702671095,1.9924146702671095
Saudi Arabia,2015,Developing,0.1,2732.86172,88.0,16.1,74.5,78.53621956819272,-4.03621956819272,4.03621956819272
Senegal,2014,Developing,0.3,152.443873,192.0,9.1,66.4,66.2498726723921,0.1501273276079047,0.1501273276079047
Senegal,2015,Developing,0.3,98.7256145,188.0,9.5,66.7,68.911310899593,-2.211310899593002,2.211310899593002
Serbia,2014,Developing,0.1,62.173221,123.0,14.3,75.4,74.88799347129431,0.5120065287056974,0.5120065287056974
Serbia,2015,Developing,0.1,5237.255334,121.0,14.4,75.6,75.59138609420164,0.008613905798355859,0.008613905798355859
Seychelles,2014,Developing,0.1,1557.77892,17.0,13.2,73.0,72.96157613618838,0.03842386381161589,0.03842386381161589
Seychelles,2015,Developing,0.1,1539.464,168.0,14.1,73.2,73.48562565449394,-0.2856256544939413,0.2856256544939413
Sierra Leone,2014,Developing,0.6,78.4394757,463.0,9.5,48.1,47.72261506209341,0.3773849379065908,0.3773849379065908
Sierra Leone,2015,Developing,0.5,587.538233,413.0,9.5,51.0,55.489275950294534,-4.489275950294534,4.489275950294534
Singapore,2014,Developed,0.1,56336.7234,56.0,15.4,82.9,82.07523220701201,0.8247677929879984,0.8247677929879984
Singapore,2015,Developed,0.1,53629.73746,55.0,15.4,83.1,82.37103725532896,0.7289627446710369,0.7289627446710369
Slovakia,2014,Developed,0.1,,113.0,15.1,76.4,78.24751736098334,-1.847517360983332,1.847517360983332
Slovakia,2015,Developed,0.1,,19.0,15.0,76.7,78.8686164265989,-2.168616426598902,2.168616426598902
Slovenia,2014,Developed,0.1,242.67286,76.0,17.6,87.0,82.67114643155963,4.3288535684403655,4.3288535684403655
Slovenia,2015,Developed,0.1,2729.86383,74.0,17.3,88.0,84.71637614969693,3.283623850303073,3.283623850303073
Solomon Islands,2014,Developing,0.1,29.652622,183.0,9.6,68.8,67.67618144562748,1.1238185543725194,1.1238185543725194
Solomon Islands,2015,Developing,0.1,1922.41388,177.0,9.6,69.2,71.5392000769956,-2.3392000769955956,2.3392000769955956
Somalia,2014,Developing,0.8,417.89143,321.0,,54.3,55.31523783171957,-1.015237831719574,1.015237831719574
Somalia,2015,Developing,0.7,426.98537,312.0,,55.0,58.06864447496069,-3.068644474960692,3.068644474960692
South Africa,2014,Developing,3.7,6479.625659,347.0,13.0,62.0,64.36942352129255,-2.3694235212925463,2.3694235212925463
South Africa,2015,Developing,3.6,5769.77258,328.0,13.0,62.9,63.12280848346262,-0.2228084834626216,0.2228084834626216
South Sudan,2014,Developing,3.5,1151.861715,343.0,4.9,56.6,55.759417711165455,0.8405822888345469,0.8405822888345469
South Sudan,2015,Developing,3.4,758.725782,332.0,4.9,57.3,56.66915427693471,0.6308457230652849,0.6308457230652849
Spain,2014,Developed,0.1,296.47225,58.0,17.6,82.6,82.22509050263322,0.37490949736677237,0.37490949736677237
Spain,2015,Developed,0.1,25683.84565,56.0,17.7,82.8,83.47304099526437,-0.6730409952643726,0.6730409952643726
Sri Lanka,2014,Developing,0.1,382.54994,141.0,14.0,74.7,74.47956230439405,0.22043769560595194,0.22043769560595194
Sri Lanka,2015,Developing,0.1,3844.89123,138.0,14.0,74.9,74.8830341307475,0.016965869252501875,0.016965869252501875
Sudan,2014,Developing,0.3,2176.89829,229.0,7.2,63.8,63.987377851690574,-0.1873778516905773,0.1873778516905773
Sudan,2015,Developing,0.3,2513.884661,225.0,7.2,64.1,63.804519760729846,0.2954802392701481,0.2954802392701481
Suriname,2014,Developing,0.4,9564.46383,178.0,12.7,71.4,72.51466700537105,-1.1146670053710466,1.1146670053710466
Suriname,2015,Developing,0.4,8818.982566,176.0,12.7,71.6,73.18565348013938,-1.585653480139385,1.585653480139385
Swaziland,2014,Developing,7.3,3464.35169,382.0,11.4,58.4,58.095463658016875,0.3045363419831233,0.3045363419831233
Swaziland,2015,Developing,7.1,3136.92511,373.0,11.4,58.9,58.177216925954745,0.7227830740452532,0.7227830740452532
Sweden,2014,Developed,0.1,5918.19898,54.0,15.8,82.3,82.0775619672459,0.22243803275409846,0.22243803275409846
Sweden,2015,Developed,0.1,5585.25847,53.0,15.9,82.4,82.56106821092222,-0.1610682109222097,0.1610682109222097
Switzerland,2014,Developed,0.1,85814.58857,51.0,15.9,83.2,82.36860227309892,0.8313977269010877,0.8313977269010877
Switzerland,2015,Developed,0.1,8989.8424,49.0,16.0,83.4,79.61353807402354,3.786461925976468,3.786461925976468
Syrian Arab Republic,2014,Developing,0.1,,294.0,9.0,64.4,63.028083683732106,1.3719163162678996,1.3719163162678996
Syrian Arab Republic,2015,Developing,0.1,,293.0,9.0,64.5,62.71138279289813,1.788617207101872,1.788617207101872
Tajikistan,2014,Developing,0.2,114.45919,162.0,11.3,69.6,69.28306552636542,0.31693447363457494,0.31693447363457494
Tajikistan,2015,Developing,0.2,918.6771543,161.0,11.3,69.7,72.74898687518991,-3.048986875189911,3.048986875189911
Thailand,2014,Developing,0.1,5941.8471,152.0,13.6,74.6,73.94261296194817,0.657387038051823,0.657387038051823
Thailand,2015,Developing,0.1,5814.863134,148.0,13.6,74.9,73.86861710456841,1.031382895431591,1.031382895431591
The former Yugoslav republic of Macedonia,2014,Developing,0.1,,12.0,12.9,75.5,74.58340772970992,0.9165922702900815,0.9165922702900815
The former Yugoslav republic of Macedonia,2015,Developing,0.1,,12.0,12.9,75.7,74.98048821327374,0.7195117867262582,0.7195117867262582
Timor-Leste,2014,Developing,0.1,1153.51578,155.0,12.5,68.0,68.82145897078883,-0.8214589707888251,0.8214589707888251
Timor-Leste,2015,Developing,0.1,1161.76935,152.0,12.5,68.3,72.92222418419013,-4.622224184190131,4.622224184190131
Togo,2014,Developing,1.0,62.1318489,285.0,12.0,59.7,62.05376895668409,-2.3537689566840854,2.3537689566840854
Togo,2015,Developing,1.0,551.138346,287.0,12.0,59.9,62.94143074892454,-3.0414307489245402,3.0414307489245402
Tonga,2014,Developing,0.1,4192.349758,135.0,14.3,73.3,73.40303489487049,-0.10303489487048978,0.10303489487048978
Tonga,2015,Developing,0.1,493.775387,133.0,14.3,73.5,75.32836054418912,-1.828360544189124,1.828360544189124
Trinidad and Tobago,2014,Developing,0.3,19325.24283,171.0,12.7,71.1,73.57207423060083,-2.472074230600839,2.472074230600839
Trinidad and Tobago,2015,Developing,0.3,17321.83373,17.0,12.7,71.2,73.12723703497818,-1.9272370349781767,1.9272370349781767
Tunisia,2014,Developing,0.1,4271.68172,12.0,14.7,75.1,74.69549151561809,0.4045084843819069,0.4045084843819069
Tunisia,2015,Developing,0.1,3828.91589,1.0,14.6,75.3,73.92519594431204,1.3748040556879602,1.3748040556879602
Turkey,2014,Developing,0.1,12127.22522,17.0,14.5,75.5,72.79852264511325,2.701477354886748,2.701477354886748
Turkey,2015,Developing,0.1,1979.52569,16.0,14.5,75.8,73.88409058689629,1.915909413103705,1.915909413103705
Turkmenistan,2014,Developing,0.1,7962.365824,217.0,10.8,66.0,67.91015888228522,-1.9101588822852165,1.9101588822852165
Turkmenistan,2015,Developing,0.1,6432.668768,215.0,10.8,66.3,68.28013611624763,-1.9801361162476354,1.9801361162476354
Uganda,2014,Developing,3.2,719.172669,38.0,10.0,61.5,58.681327584419606,2.8186724155803944,2.8186724155803944
Uganda,2015,Developing,3.1,693.8963829,291.0,10.0,62.3,58.92305067294271,3.3769493270572895,3.3769493270572895
Ukraine,2014,Developing,0.2,314.658296,23.0,15.2,78.0,72.79480434443478,5.20519565556522,5.20519565556522
Ukraine,2015,Developing,0.2,2124.662666,195.0,15.3,71.3,71.11032997198255,0.1896700280174457,0.1896700280174457
United Arab Emirates,2014,Developing,0.1,44449.7435,77.0,13.3,76.9,76.39803880340739,0.5019611965926174,0.5019611965926174
United Arab Emirates,2015,Developing,0.1,3911.74689,75.0,13.3,77.1,78.18869489499748,-1.088694894997488,1.088694894997488
United Kingdom of Great Britain and Northern Ireland,2014,Developed,0.1,,71.0,,81.0,85.14469116995886,-4.144691169958861,4.144691169958861
United Kingdom of Great Britain and Northern Ireland,2015,Developed,0.1,,69.0,,81.2,84.06344675195844,-2.863446751958435,2.863446751958435
United Republic of Tanzania,2014,Developing,1.4,,34.0,,67.0,65.96026479406625,1.0397352059337521,1.0397352059337521
United Republic of Tanzania,2015,Developing,1.4,,279.0,,61.8,60.39562666386102,1.404373336138974,1.404373336138974
United States of America,2014,Developed,0.1,,14.0,,79.1,79.05377120894515,0.04622879105484401,0.04622879105484401
United States of America,2015,Developed,0.1,,13.0,,79.3,77.18706014302086,2.112939856979139,2.112939856979139
Uruguay,2014,Developing,0.1,16737.89827,117.0,15.5,76.8,76.44206680492036,0.3579331950796387,0.3579331950796387
Uruguay,2015,Developing,0.1,15524.84247,116.0,15.5,77.0,76.10561113274414,0.8943888672558558,0.8943888672558558
Uzbekistan,2014,Developing,0.1,25.448414,184.0,12.1,69.2,69.04183668535089,0.1581633146491157,0.1581633146491157
Uzbekistan,2015,Developing,0.1,2137.576852,184.0,12.1,69.4,70.57070367579958,-1.1707036757995724,1.1707036757995724
Vanuatu,2014,Developing,0.1,3148.36513,134.0,10.8,71.7,72.15923366410243,-0.4592336641024275,0.4592336641024275
Vanuatu,2015,Developing,0.1,285.83414,13.0,10.8,72.0,73.67758569376147,-1.677585693761472,1.677585693761472
Venezuela (Bolivarian Republic of),2014,Developing,0.1,,158.0,14.2,73.9,74.14396369819511,-0.24396369819510255,0.24396369819510255
Venezuela (Bolivarian Republic of),2015,Developing,0.1,,157.0,14.3,74.1,74.2049411031424,-0.10494110314240856,0.10494110314240856
Viet Nam,2014,Developing,0.1,,128.0,12.5,75.9,76.40599290619164,-0.5059929061916364,0.5059929061916364
Viet Nam,2015,Developing,0.1,,127.0,12.6,76.0,75.36665263696666,0.6333473630333373,0.6333473630333373
Yemen,2014,Developing,0.1,,228.0,9.0,65.4,65.80191591584656,-0.4019159158465584,0.4019159158465584
Yemen,2015,Developing,0.1,,224.0,9.0,65.7,67.11673777827576,-1.4167377782757598,1.4167377782757598
Zambia,2014,Developing,4.3,1738.8822,314.0,12.5,61.1,61.070773107822355,0.029226892177646846,0.029226892177646846
Zambia,2015,Developing,4.1,1313.889646,33.0,12.5,61.8,58.63147746751448,3.168522532485518,3.168522532485518
Zimbabwe,2014,Developing,6.3,127.47462,371.0,10.3,59.2,57.64426453501836,1.5557354649816446,1.5557354649816446
Zimbabwe,2015,Developing,6.2,118.69383,336.0,10.3,67.0,58.406240300327845,8.593759699672155,8.593759699672155
